"","id","baboons.3-6","baboons.6-9","baboons.birth-3","baboons.gest","baboons.peri.concpt","banded.mongoose.3-6","banded.mongoose.6-9","banded.mongoose.birth-3","banded.mongoose.gest","banded.mongoose.peri.concpt","bb.jackal.3-6","bb.jackal.6-9","bb.jackal.birth-3","bb.jackal.gest","bb.jackal.peri.concpt","be.fox.3-6","be.fox.6-9","be.fox.birth-3","be.fox.gest","be.fox.peri.concpt","buffalo.3-6","buffalo.6-9","buffalo.birth-3","buffalo.gest","buffalo.peri.concpt","bushbuck.3-6","bushbuck.6-9","bushbuck.birth-3","bushbuck.gest","bushbuck.peri.concpt","cattle.3-6","cattle.6-9","cattle.birth-3","cattle.gest","cattle.peri.concpt","cheetah.3-6","cheetah.6-9","cheetah.birth-3","cheetah.gest","cheetah.peri.concpt","eland.3-6","eland.6-9","eland.birth-3","eland.gest","eland.peri.concpt","elephant.3-6","elephant.6-9","elephant.birth-3","elephant.gest","elephant.peri.concpt","giraffe.3-6","giraffe.6-9","giraffe.birth-3","giraffe.gest","giraffe.peri.concpt","gnu.3-6","gnu.6-9","gnu.birth-3","gnu.gest","gnu.peri.concpt","grants.3-6","grants.6-9","grants.birth-3","grants.gest","grants.peri.concpt","hartebeast.3-6","hartebeast.6-9","hartebeast.birth-3","hartebeast.gest","hartebeast.peri.concpt","hippo.3-6","hippo.6-9","hippo.birth-3","hippo.gest","hippo.peri.concpt","impala.3-6","impala.6-9","impala.birth-3","impala.gest","impala.peri.concpt","lion.3-6","lion.6-9","lion.birth-3","lion.gest","lion.peri.concpt","oribi.3-6","oribi.6-9","oribi.birth-3","oribi.gest","oribi.peri.concpt","ostrich.3-6","ostrich.6-9","ostrich.birth-3","ostrich.gest","ostrich.peri.concpt","other.3-6","other.6-9","other.birth-3","other.gest","other.peri.concpt","reedbuck.3-6","reedbuck.6-9","reedbuck.birth-3","reedbuck.gest","reedbuck.peri.concpt","shoats.3-6","shoats.6-9","shoats.birth-3","shoats.gest","shoats.peri.concpt","slender.mongoose.3-6","slender.mongoose.6-9","slender.mongoose.birth-3","slender.mongoose.gest","slender.mongoose.peri.concpt","spotted.hyena.3-6","spotted.hyena.6-9","spotted.hyena.birth-3","spotted.hyena.gest","spotted.hyena.peri.concpt","ss.jackal.3-6","ss.jackal.6-9","ss.jackal.birth-3","ss.jackal.gest","ss.jackal.peri.concpt","thomsons.3-6","thomsons.6-9","thomsons.birth-3","thomsons.gest","thomsons.peri.concpt","topi.3-6","topi.6-9","topi.birth-3","topi.gest","topi.peri.concpt","total.3-6","total.6-9","total.birth-3","total.gest","total.peri.concpt","warthog.3-6","warthog.6-9","warthog.birth-3","warthog.gest","warthog.peri.concpt","waterbuck.3-6","waterbuck.6-9","waterbuck.birth-3","waterbuck.gest","waterbuck.peri.concpt","zebra.3-6","zebra.6-9","zebra.birth-3","zebra.gest","zebra.peri.concpt","num.transects.3-6","num.transects.6-9","num.transects.birth-3","num.transects.gest","num.transects.peri.concpt","last.updated","sample.id","eartag","name","prev.id","sex","age.class","status","first.seen","den.grad","disappeared","mom","birthdate","number.littermates","litrank","arrived.den","leave.den","fate","mortality.source","death.date","weaned","clan","park","misc.notes"
"1","brph",0,0,0,0,0,NA,NA,NA,NA,NA,NA,NA,NA,NA,NA,NA,NA,NA,NA,NA,0.293255131964809,15.6310663223106,0.566893424036281,0,0.183284457478006,0.146627565982405,0,0,0,0,NA,NA,NA,NA,NA,NA,NA,NA,NA,NA,1.70068027210884,0,0.283446712018141,0,0,5.10204081632653,0,0.283446712018141,0,0,0.586510263929619,1.0465724751439,0,0,0,681.796237556606,0,224.023480359886,0,0,0.293255131964809,1.30821559392988,0,0,0,2.19941348973607,1.2767570371257,2.83446712018141,0,0,0,0,0,0,0,5.78231292517007,7.5876504447933,1.13378684807256,2.72108843537415,1.27551020408163,NA,NA,NA,NA,NA,0,0.112790435371081,0.488758553274682,0,0,0.340136054421769,0.789533047597564,0.283446712018141,0,0,18.0511500787999,22.8941565347095,8.43025382195889,2.67420751291719,4.14946037065853,0,0,0,0.340136054421769,0,NA,NA,NA,NA,NA,NA,NA,NA,NA,NA,NA,NA,NA,NA,NA,NA,NA,NA,NA,NA,67.9833223612025,59.1313448456306,6.60738391153138,5.54192351427375,6.8251640832286,16.017316017316,19.5557131041002,5.56669393074923,5.36038462305743,8.61436950146627,838.026412911206,135.171280332571,275.602469726894,18.9718115985397,33.2617651166038,9.14876214415385,4.00597866035654,6.40207207027484,2.33407145849542,3.96617591318052,0.439882697947214,0,0.122189638318671,0,0,28.1455104035749,1.83150183150183,18.5761499125554,0,8.24780058651026,10,13,12,10,8,"25-apr-17","1062",NA,"brophy","","f","a","r","02-sep-09",NA,"17-sep-16","","11-jul-09",NA,NA,NA,"","","",NA,NA,"serena.s","tr","r & l nipple ears"
"2","cont",0,0,0,0,0,NA,NA,NA,NA,NA,NA,NA,NA,NA,NA,NA,NA,NA,NA,NA,0.266595574513463,18.4730783809125,0.566893424036281,0,0.122189638318671,0.133297787256732,0,0,0,0,NA,NA,NA,NA,NA,NA,NA,NA,NA,NA,0,0,1.70068027210884,0,0,0,0,4.53514739229025,0,0,1.77004952874245,1.23685837971552,0,0,0,0,0,784.943742893052,8.69192251680731,0,0.885024764371224,1.23685837971552,0,0,0,2.30868140377985,1.19968008531058,0,3.40136054421769,0,0,0,0,0,0,8.65800865800866,6.80272108843537,1.70068027210884,2.38095238095238,1.4172335600907,NA,NA,NA,NA,NA,0,0.133297787256732,0.488758553274682,0,0,0,0.933084510797121,0.566893424036281,0,0,13.717883847754,25.7291933035544,11.5872350895392,5.39529594829134,4.4279197505004,0,0,0,0,0.283446712018141,NA,NA,NA,NA,NA,NA,NA,NA,NA,NA,NA,NA,NA,NA,NA,NA,NA,NA,NA,NA,90.6343342455617,59.0599876314162,8.84586483664825,6.90246773196082,7.06206236160153,23.9491691104594,12.8591559257667,7.6489051143429,6.61519739860754,7.94232649071359,167.120060500873,131.689145932967,841.112740306289,57.953797354719,30.7759956377468,10.2630228310999,3.71601586515705,3.60667238547423,5.39529594829134,4.02228340016358,0.399893361770195,0,0.122189638318671,0,0,14.1340993875556,0.309214594928881,14.7990770110586,19.1713048855906,5.49853372434018,11,11,12,10,12,"17-sep-15","1081",NA,"count","","m","s","r","31-aug-09","04-sep-10",NA,"bart","09-aug-09","0",NA,NA,"","","",NA,"28-feb-10","serena.s","tr",""
"3","czar",0,0,0,0,0,NA,NA,NA,NA,NA,NA,NA,NA,NA,NA,NA,NA,NA,NA,NA,1.46627565982405,1.59957344708078,1.71065493646139,0.733137829912023,0.146627565982405,0,0,0,0,0,NA,NA,NA,NA,NA,NA,NA,NA,NA,NA,0,0,0,0.104733975701718,0,0,0,1.22189638318671,1.88521156263092,0,0,0,0,0,0,0,0.133297787256732,37.6186153835923,143.279641140076,601.466275659824,0,0,0,0,1.02040816326531,0,0,1.09970674486804,0,3.06122448979592,0,0,0,0,0,6.23582766439909,0.927643784786642,2.83446712018141,4.74224042360975,3.74149659863946,NA,NA,NA,NA,NA,0,0,0,0,0,0,0.533191149026926,0.366568914956012,0,0,12.9313211110446,4.43600527387708,6.99390215519248,10.4641353818444,3.54798811020009,0,0,0,0,0,NA,NA,NA,NA,NA,NA,NA,NA,NA,NA,NA,NA,NA,NA,NA,NA,NA,NA,NA,NA,9.59812077323598,33.0433426369748,10.3703260385288,4.45297515738595,33.4799608993157,19.9684468117648,29.8178989004293,30.3778402856744,8.29464588516596,27.7335567658148,68.1452444125255,85.1627774543568,112.245729181213,260.983530404202,718.513974504758,11.4650454512206,2.30324067776938,3.5725922822697,7.63631803789803,2.38095238095238,0,0,0.122189638318671,0.104733975701718,0,6.48020694103644,12.3685837971552,15.9569692979831,79.2857570342758,41.9354838709677,12,11,12,14,10,"17-sep-15","1079",NA,"czar","","m","c","r","21-dec-10","07-oct-11",NA,"bart","09-nov-10","1","1",NA,"","","",NA,"26-nov-11","serena.s","tr",""
"4","jd",0,0,0,0,0,NA,NA,NA,NA,NA,NA,NA,NA,NA,NA,NA,NA,NA,NA,NA,0.266595574513463,18.4730783809125,0.566893424036281,0,0.122189638318671,0.133297787256732,0,0,0,0,NA,NA,NA,NA,NA,NA,NA,NA,NA,NA,0,0,1.70068027210884,0,0,0,0,4.53514739229025,0,0,1.77004952874245,1.23685837971552,0,0,0,0,0,784.943742893052,8.69192251680731,0,0.885024764371224,1.23685837971552,0,0,0,2.30868140377985,1.19968008531058,0,3.40136054421769,0,0,0,0,0,0,8.65800865800866,6.80272108843537,1.70068027210884,2.38095238095238,1.4172335600907,NA,NA,NA,NA,NA,0,0.133297787256732,0.488758553274682,0,0,0,0.933084510797121,0.566893424036281,0,0,13.717883847754,25.7291933035544,11.5872350895392,5.39529594829134,4.4279197505004,0,0,0,0,0.283446712018141,NA,NA,NA,NA,NA,NA,NA,NA,NA,NA,NA,NA,NA,NA,NA,NA,NA,NA,NA,NA,90.6343342455617,59.0599876314162,8.84586483664825,6.90246773196082,7.06206236160153,23.9491691104594,12.8591559257667,7.6489051143429,6.61519739860754,7.94232649071359,167.120060500873,131.689145932967,841.112740306289,57.953797354719,30.7759956377468,10.2630228310999,3.71601586515705,3.60667238547423,5.39529594829134,4.02228340016358,0.399893361770195,0,0.122189638318671,0,0,14.1340993875556,0.309214594928881,14.7990770110586,19.1713048855906,5.49853372434018,11,11,12,10,12,"18-sep-15","1093",NA,"jack daniels","","m","s","r","30-aug-09","26-jul-10",NA,"bor","09-aug-09","1","1",NA,"","","",NA,"07-jul-10","serena.s","tr",""
"5","jigs",0,0,0,0,0,NA,NA,NA,NA,NA,NA,NA,NA,NA,NA,NA,NA,NA,NA,NA,2.93255131964809,1.35348522445297,0.610948191593353,0.488758553274682,0.146627565982405,0,0,0,0,0,NA,NA,NA,NA,NA,NA,NA,NA,NA,NA,0,0,0.122189638318671,0,0,1.22189638318671,0,0,2.19941348973607,0,0,0,0,0,0,0,0.112790435371081,115.937186213684,590.062906883183,0,0,0,0,0,1.36054421768707,1.09970674486804,0,0,2.55102040816327,0,0,0,0,0,0,8.21995464852608,0.784929356357928,0.850340136054422,5.5326138275447,4.76190476190476,NA,NA,NA,NA,NA,0,0,0,0,0,0.366568914956012,0.451161741484322,0,0,0,15.502290847913,6.29784961582197,5.11201548067908,8.76274263371038,4.90853232788717,0,0,0,0,0,NA,NA,NA,NA,NA,NA,NA,NA,NA,NA,NA,NA,NA,NA,NA,NA,NA,NA,NA,NA,13.1216709557723,25.3433202741959,6.96896549431112,6.49018160538898,50.4867636204042,45.8402324761772,25.6816915803091,4.99481317453668,15.0775363909004,23.1412212979033,105.766353462206,72.6293675602431,196.839195111085,722.779140981906,88.2069543359866,10.8590845918035,4.49320264988468,4.37887765076705,5.95238095238095,3.40136054421769,0.122189638318671,0,0,0.122189638318671,0,6.48020694103644,8.11093668236525,57.8638591311402,85.5393965993044,0,12,13,12,12,10,"18-sep-15","1060",NA,"jigsaw","","m","c","r","18-nov-10","27-aug-11","09-jun-14","slin","21-oct-10",NA,NA,NA,"","","",NA,"24-jul-11","serena.s","tr",""
"6","jlp",0,0,0,0,0,NA,NA,NA,NA,NA,NA,NA,NA,NA,NA,NA,NA,NA,NA,NA,0.183284457478006,0.451161741484322,15.6310663223106,0.244379276637341,0.680272108843538,0,0,0,0.122189638318671,0,NA,NA,NA,NA,NA,NA,NA,NA,NA,NA,0,0.112790435371081,0,1.4172335600907,0.340136054421769,0,2.03022783667945,0,4.25170068027211,0.340136054421769,0,0,1.0465724751439,0.488758553274682,0,0,544.673452507554,0,568.163531297172,268.828176431863,1.27551020408163,0,1.56985871271586,0.244379276637341,0,0,2.35478806907378,1.01511391833972,2.1162912867982,0,0,0,0,0,0,4.67687074829932,5.1070281485028,6.5410779696494,6.80272108843537,1.02040816326531,NA,NA,NA,NA,NA,0,0,0.112790435371081,0,0.586510263929619,0,0,0.789533047597564,0.283446712018141,0.340136054421769,4.43498513775011,8.20147594341143,22.4069325451814,16.7042379023946,7.05508009655475,0,0,0,0,0,NA,NA,NA,NA,NA,NA,NA,NA,NA,NA,NA,NA,NA,NA,NA,NA,NA,NA,NA,NA,38.8737606479542,6.10372730188398,67.5039246467818,63.738936434789,3.84722804077643,25.0999960101343,14.368887640777,18.5452028770001,16.9935031686184,3.95894428152493,77.520597681888,672.030734242716,138.68082762092,716.37873135569,299.43044666547,2.97619047619048,5.49450549450549,3.25711155204243,9.28558129018958,4.62126199453388,0,0.112790435371081,0,0.366568914956012,0.146627565982405,0,83.0198986881014,0.261643118785976,25.1552722750879,7.66552955493048,8,13,13,12,10,"18-sep-15","1078",NA,"jean-luc picard","","f","s","r","27-feb-10","30-nov-10",NA,"mtn","27-jan-10","0",NA,NA,"","","",NA,"22-nov-10","serena.s","tr",""
"7","lux",0,0,0,0,0,NA,NA,NA,NA,NA,NA,NA,NA,NA,NA,NA,NA,NA,NA,NA,17.4066960828586,0.451161741484322,1.46627565982405,0.695376600577391,0,0,0,0,0.104733975701718,0,NA,NA,NA,NA,NA,NA,NA,NA,NA,NA,0,0,0,1.45772594752187,0,0,2.03022783667945,0,3.88726919339164,0,0,0,1.51171579743008,0.41893590280687,0,0,517.200925035026,0,577.208889420871,205.663000593876,1.23685837971552,0,1.8896447467876,0.209467951403435,0,0,2.35478806907378,1.84420460918157,1.57100963552576,2.61643118785976,0,0,0,0,0,4.32900432900433,5.1070281485028,9.82615268329554,4.3731778425656,1.83150183150183,NA,NA,NA,NA,NA,0,0,0.162919517758227,0,0.451161741484322,0.666488936283658,0,0.325839035516455,0.242954324586978,0.261643118785976,21.47454556336,8.76082442902719,11.1428083778314,14.1084502506491,6.4735571648014,0,0,0,0,0,NA,NA,NA,NA,NA,NA,NA,NA,NA,NA,NA,NA,NA,NA,NA,NA,NA,NA,NA,NA,47.0006184291899,7.93522913338582,80.8767951625095,49.8790215709241,7.40733920457423,17.4973748496999,16.3177835988896,25.1649698654307,11.4409400123686,5.13848670530698,111.776088734614,633.53236625126,142.643241721583,693.036829310694,252.489446037833,2.16450216450216,6.27943485086342,5.786413620515,6.77778442755401,5.64796186916003,0,0,0,0.314201927105153,0.112790435371081,0,67.0949634083275,2.64550264550265,20.3468903271405,16.8855721851114,11,13,9,14,13,"18-sep-15","1023",NA,"luxor","","m","s","r","08-jan-10","29-oct-10","25-may-11","taj","24-dec-09","1","2",NA,"","","",NA,"26-jul-10","serena.s","tr",""
"8","pala",0,0,0,0,0,NA,NA,NA,NA,NA,NA,NA,NA,NA,NA,NA,NA,NA,NA,NA,1.06638229805385,1.24069478908189,2.0772238514174,1.09970674486804,0,0,0,0,0,0,NA,NA,NA,NA,NA,NA,NA,NA,NA,NA,0,0,0,0.122189638318671,0,0,0,1.22189638318671,1.71065493646139,0.488758553274682,0,0,0,0,0,0,2.6210348790994,0,145.699090975589,560.301002121279,0,0,0,0,0,0,0.225580870742161,1.09970674486804,0,2.55102040816327,0,0,0,0,0,0.309214594928881,1.30821559392988,8.78684807256236,0.972529774373092,6.82765774931674,NA,NA,NA,NA,NA,0,0.338371306113242,0,0,0,0.399893361770195,0.374433554157056,0.366568914956012,0,0,5.53956586633587,3.52335836206804,15.2579115712756,9.09024411328559,5.87424608161935,0,0,0,0,0,NA,NA,NA,NA,NA,NA,NA,NA,NA,NA,NA,NA,NA,NA,NA,NA,NA,NA,NA,NA,4.59559990351779,39.3231960052237,16.1173951496532,4.33981021538625,16.4889513967855,7.91172240690464,45.7246286739374,41.2269502131253,7.75613275613276,17.2619878841077,23.8956686380231,138.361638361638,112.056210558515,239.835817024757,687.865322081912,4.07329020651182,1.56985871271586,11.4700327833968,6.03550315531882,5.38548752834467,0,0,0.122189638318671,0.122189638318671,0,0,42.1122656145698,14.3094872357545,62.8877650767052,72.6862103590214,11,13,12,12,12,"16-oct-14",NA,NA,"palazzo","","f","c","r","06-jan-11","06-sep-11",NA,"taj","16-dec-10","1","2",NA,"","","",NA,"09-nov-11","serena.s","tr","l b notch, r c nick"
"9","rnch",0,0,0,0,0,NA,NA,NA,NA,NA,NA,NA,NA,NA,NA,NA,NA,NA,NA,NA,1.46627565982405,1.59957344708078,1.98994553833263,0.855327468230694,0.133297787256732,0,0,0,0,0,NA,NA,NA,NA,NA,NA,NA,NA,NA,NA,0,0,0,0.122189638318671,0,0,0,1.04733975701718,2.19941348973607,0,0,0,0,0,0,0,0.133297787256732,32.2445274716506,141.649377248456,574.616836870712,0,0,0,0,0,0,0,0.942605781315459,0,2.78293135435993,0,0,0,0,0,6.23582766439909,0.927643784786642,2.91545189504373,5.5326138275447,3.09214594928881,NA,NA,NA,NA,NA,0,0,0,0,0,0,0.533191149026926,0.314201927105153,0,0,12.9313211110446,4.43600527387708,12.5253285226952,10.7909243853944,3.8438729264033,0,0,0,0,0,NA,NA,NA,NA,NA,NA,NA,NA,NA,NA,NA,NA,NA,NA,NA,NA,NA,NA,NA,NA,9.59812077323598,33.0433426369748,10.8324854868634,3.69478192058837,25.5795733382663,19.9684468117648,29.8178989004293,26.871745765755,9.55489722770829,17.3060426516648,68.1452444125255,85.1627774543568,112.534875701433,274.513568868408,669.188443172524,11.4650454512206,2.30324067776938,9.06910732453853,7.49180415079033,3.71057513914657,0,0,0.104733975701718,0.122189638318671,0,6.48020694103644,12.3685837971552,13.6774022554141,92.5000498733218,38.1231671554252,12,11,14,12,11,"18-sep-15",NA,NA,"ranch","","f","c","r","30-nov-10","18-sep-11","02-apr-12","clov","16-nov-10","2","2",NA,"","","",NA,"03-oct-11","serena.s","tr",""
"10","srir",0,0,0,0,0,NA,NA,NA,NA,NA,NA,NA,NA,NA,NA,NA,NA,NA,NA,NA,21.2748507679383,0,1.19968008531058,0.811272700673622,0,0,0,0,0.122189638318671,0,NA,NA,NA,NA,NA,NA,NA,NA,NA,NA,0,0,0,1.70068027210884,0,0,0.451161741484322,0,4.53514739229025,0,0,0,1.77004952874245,0,0,0,517.200925035026,0,673.410370991016,118.776640666042,1.51171579743008,0,1.5460729746444,0.244379276637341,0,0,2.35478806907378,3.24176591457697,0.244379276637341,2.83446712018141,0,0,0,0,0,3.40136054421769,6.3024533070616,8.0395794681509,5.10204081632653,1.98412698412698,NA,NA,NA,NA,NA,0,0,0.133297787256732,0,0.488758553274682,0.814597588791137,0,0.266595574513463,0.283446712018141,0.283446712018141,25.1128799515896,5.42238099841787,15.2267785279934,10.8590845918035,7.01302026186819,0,0,0,0,0,NA,NA,NA,NA,NA,NA,NA,NA,NA,NA,NA,NA,NA,NA,NA,NA,NA,NA,NA,NA,45.72940287226,15.2205705201097,84.7520026405657,41.160452450775,7.17427733556766,19.4960356250679,15.9341426622533,26.4546234382849,7.97141926174184,5.56669393074923,118.852558944725,634.952604998688,155.857757659182,772.655787632746,168.654949760941,1.51171579743008,4.97121925693354,9.91118921575562,3.16196859975662,6.1186253582567,0,0,0.399893361770195,0,0.122189638318671,0,67.0949634083275,2.91622914161666,23.0489556526423,18.2927032005373,9,13,11,12,12,"14-oct-14","1026",NA,"sriracha","","m","s","r","26-dec-09","22-oct-10",NA,"clov","12-dec-09","1",NA,NA,"","","",NA,"16-jul-10","serena.s","tr","r & l small b scoops"
"11","thy",0,0,0,0,0,NA,NA,NA,NA,NA,NA,NA,NA,NA,NA,NA,NA,NA,NA,NA,1.06638229805385,1.61290322580645,2.32160312805474,0.733137829912023,0,0,0,0,0,0,NA,NA,NA,NA,NA,NA,NA,NA,NA,NA,0,0,0,0.104733975701718,0,0,0,1.22189638318671,1.88521156263092,0,0,0,0,0,0,0,0.146627565982405,0.122189638318671,153.553545423197,632.078520557783,0,0,0,0,0,0,0,1.09970674486804,0,3.06122448979592,0,0,0,0,0,6.18429189857761,1.02040816326531,3.40136054421769,4.74224042360975,3.40136054421769,NA,NA,NA,NA,NA,0,0,0,0,0,0,0.586510263929619,0.366568914956012,0,0,6.59506671236876,3.99984040537036,14.4906936381591,9.35409773461123,4.08163265306122,0,0,0,0,0,NA,NA,NA,NA,NA,NA,NA,NA,NA,NA,NA,NA,NA,NA,NA,NA,NA,NA,NA,NA,7.99696044773548,36.3476769006723,10.4484609092904,5.04361778226163,28.1375306720929,20.8561163735022,32.6530612244898,30.9447337097107,8.53760020975294,18.8900193508488,55.2968188075017,91.7728968420213,90.3879146966705,270.356864991493,735.667404791829,5.52868441431491,1.80042691563429,10.4584355736429,6.52628039066485,4.08163265306122,0,0,0.122189638318671,0.104733975701718,0,7.06931666294884,13.6054421768707,15.3900758739468,79.7716656834498,41.9354838709677,11,10,12,14,10,"18-sep-15","1063",NA,"thylacine","","m","c","r","14-feb-11","11-jul-11","03-apr-14","badg","22-nov-10","0",NA,NA,"","","",NA,"09-nov-11","serena.s","tr",""
"12","whiz",0,0,0,0,0,NA,NA,NA,NA,NA,NA,NA,NA,NA,NA,NA,NA,NA,NA,NA,1.46627565982405,1.59957344708078,1.98994553833263,0.855327468230694,0.133297787256732,0,0,0,0,0,NA,NA,NA,NA,NA,NA,NA,NA,NA,NA,0,0,0,0.122189638318671,0,0,0,1.04733975701718,2.19941348973607,0,0,0,0,0,0,0,0.133297787256732,32.2445274716506,141.649377248456,574.616836870712,0,0,0,0,0,0,0,0.942605781315459,0,2.78293135435993,0,0,0,0,0,6.23582766439909,0.927643784786642,2.91545189504373,5.5326138275447,3.09214594928881,NA,NA,NA,NA,NA,0,0,0,0,0,0,0.533191149026926,0.314201927105153,0,0,12.9313211110446,4.43600527387708,12.5253285226952,10.7909243853944,3.8438729264033,0,0,0,0,0,NA,NA,NA,NA,NA,NA,NA,NA,NA,NA,NA,NA,NA,NA,NA,NA,NA,NA,NA,NA,9.59812077323598,33.0433426369748,10.8324854868634,3.69478192058837,25.5795733382663,19.9684468117648,29.8178989004293,26.871745765755,9.55489722770829,17.3060426516648,68.1452444125255,85.1627774543568,112.534875701433,274.513568868408,669.188443172524,11.4650454512206,2.30324067776938,9.06910732453853,7.49180415079033,3.71057513914657,0,0,0.104733975701718,0.122189638318671,0,6.48020694103644,12.3685837971552,13.6774022554141,92.5000498733218,38.1231671554252,12,11,14,12,11,"14-oct-14","1112",NA,"cheez whiz","","f","c","r","30-nov-10","11-jul-11",NA,"clov","16-nov-10","2","1",NA,"","","",NA,"15-jul-11","serena.s","tr",""
"13","chg",0,0,0,0,0,NA,NA,NA,NA,NA,NA,NA,NA,NA,NA,NA,NA,NA,NA,NA,0.811272700673622,1.19968008531058,0,0,0.366568914956012,0.122189638318671,0,0,0,0,NA,NA,NA,NA,NA,NA,NA,NA,NA,NA,1.70068027210884,0,0,0,0,4.53514739229025,0,0,0,0,0,1.77004952874245,0,0,0,673.410370991016,0,118.776640666042,0,0,0.244379276637341,1.5460729746444,0,0,0,0.244379276637341,3.24176591457697,2.83446712018141,0,0,0,0,0,0,0,5.10204081632653,8.0395794681509,1.98412698412698,2.04081632653061,0.850340136054422,NA,NA,NA,NA,NA,0,0.133297787256732,0.488758553274682,0,0,0.283446712018141,0.266595574513463,0.283446712018141,0,0,10.8590845918035,15.2267785279934,7.01302026186819,4.52750014961997,3.66568914956012,0,0,0,0.340136054421769,0,NA,NA,NA,NA,NA,NA,NA,NA,NA,NA,NA,NA,NA,NA,NA,NA,NA,NA,NA,NA,41.160452450775,84.7520026405657,7.17427733556766,5.934925289764,6.3488738603946,7.97141926174184,26.4546234382849,5.56669393074923,9.90583916851198,5.86510263929619,772.655787632746,155.857757659182,168.654949760941,33.5348215532547,20.3956949348654,3.16196859975662,9.91118921575562,6.1186253582567,4.1873640951982,3.29912023460411,0,0.399893361770195,0.122189638318671,0,0,23.0489556526423,2.91622914161666,18.2927032005373,6.59824046920821,0,12,11,12,10,4,"17-sep-15","1031",NA,"che guevera","","m","s","r","10-aug-09","27-jun-10",NA,"pro","09-jun-09","0",NA,NA,"","","",NA,"15-jan-10","serena.s","tr","l c notch, dob adjusted re: jrg 10/14/2014"
"14","nali",0,0,0,0,0,NA,NA,NA,NA,NA,NA,NA,NA,NA,NA,NA,NA,NA,NA,NA,5.58470374138577,21.4417878588385,14.0922057972749,0.122189638318671,1.59957344708078,0,0,0,0,0,NA,NA,NA,NA,NA,NA,NA,NA,NA,NA,0,0,0,0.366568914956012,0,0,0,0,0,0,0,0,0,0,0,1.13378684807256,0,0,27.5824406008738,0.133297787256732,0,0,0,0,0,0,0,5.73543200271311,0.244379276637341,0,0,0,0,0,0,1.29670636583079,5.10204081632653,0.680272108843538,1.09471941269176,0.927643784786642,NA,NA,NA,NA,NA,0,0,0,0.366568914956012,0,0,0,0,0.405636350336811,0.533191149026926,6.82932019337549,21.2585034013605,17.9863147605083,9.13928621301893,4.43600527387708,0,0,0,0,0,NA,NA,NA,NA,NA,NA,NA,NA,NA,NA,NA,NA,NA,NA,NA,NA,NA,NA,NA,NA,16.6288737717309,26.3605442176871,40.9160731741377,31.6678968752701,33.0433426369748,1.13378684807256,45.0680272108844,26.4607895944301,27.8567438705688,29.8178989004293,33.8517942204578,119.230903505097,120.469008717857,206.434822218232,85.1627774543568,0.918777416473269,0,3.89410896323339,7.87832239445143,2.30324067776938,0.325839035516455,0,0,0,0,0,0,10.7038123167155,99.7100697561527,12.3685837971552,9,8,10,12,11,"18-sep-15","1111",NA,"nali","","m","c","r","05-dec-11","22-may-12",NA,"clov","04-nov-11",NA,NA,NA,"","a","",NA,"05-oct-12","serena.s","",""
"15","dodo",0,0,0,0,0,NA,NA,NA,NA,NA,NA,NA,NA,NA,NA,NA,NA,NA,NA,NA,0,1.02639296187683,21.2748507679383,1.19968008531058,0.811272700673622,0,0,0,0,0.122189638318671,NA,NA,NA,NA,NA,NA,NA,NA,NA,NA,0,0.146627565982405,0,0,1.70068027210884,0.451161741484322,2.05278592375367,0,0,4.53514739229025,0,0,0,1.77004952874245,0,517.200925035026,174.692281604724,0,0,673.410370991016,0,0,1.51171579743008,1.5460729746444,0.244379276637341,2.35478806907378,0,0,3.24176591457697,0.244379276637341,0,0,0,0,0,6.3024533070616,1.16703572924771,3.40136054421769,8.0395794681509,5.10204081632653,NA,NA,NA,NA,NA,0,0,0,0.133297787256732,0,0,0,0.814597588791137,0.266595574513463,0.283446712018141,5.42238099841787,9.78813812915195,25.1128799515896,15.2267785279934,10.8590845918035,0,0,0,0,0,NA,NA,NA,NA,NA,NA,NA,NA,NA,NA,NA,NA,NA,NA,NA,NA,NA,NA,NA,NA,15.2205705201097,4.86763620404173,45.72940287226,84.7520026405657,41.160452450775,15.9341426622533,7.40718574819957,19.4960356250679,26.4546234382849,7.97141926174184,634.952604998688,274.102778941489,118.852558944725,155.857757659182,772.655787632746,4.97121925693354,6.41570411155665,1.51171579743008,9.91118921575562,3.16196859975662,0,0.146627565982405,0,0.399893361770195,0,67.0949634083275,66.3923633969717,0,2.91622914161666,23.0489556526423,13,10,9,11,12,"17-sep-15",NA,NA,"dodo","","m","c","r","08-apr-10",NA,"05-jun-10","badg","11-mar-10","1","2",NA,"","","",NA,NA,"serena.s","tr","ear damage"
"16","korb",NA,NA,0,0,0,NA,NA,NA,NA,NA,NA,NA,NA,NA,NA,NA,NA,NA,NA,NA,NA,NA,19.0593669856343,7.1803333817817,15.6580064414166,NA,NA,0,0,0,NA,NA,NA,NA,NA,NA,NA,NA,NA,NA,NA,NA,0,0,0,NA,NA,0,0,0,NA,NA,0,0,0,NA,NA,0,1.45772594752187,0,NA,NA,0,0,0,NA,NA,0.325839035516455,0,6.04686318972033,NA,NA,0,0,0,NA,NA,4.53514739229025,1.6671938989253,0.755857898715042,NA,NA,NA,NA,NA,NA,NA,0,0,0,NA,NA,0,0,0,NA,NA,18.896447467876,8.78055453433992,17.9255801375617,NA,NA,0,0,0,NA,NA,NA,NA,NA,NA,NA,NA,NA,NA,NA,NA,NA,NA,NA,NA,NA,NA,NA,NA,NA,NA,23.4315948601663,9.23226433430515,47.2411186696901,NA,NA,40.0604686318972,1.45772594752187,15.2800774920591,NA,NA,106.634703408897,31.376019196954,105.175077525308,NA,NA,0,1.18128524975135,2.26757369614512,NA,NA,0,0.41893590280687,0,NA,NA,0.325839035516455,0,0,NA,NA,9,7,9,"18-sep-15","1106",NA,"korben","","m","c","r","08-jul-12","19-may-13",NA,"mtn","27-may-12","1",NA,NA,"","a","",NA,NA,"serena.s","","dbw"
"17","ripr",0,0,0,0,0,NA,NA,NA,NA,NA,NA,NA,NA,NA,NA,NA,NA,NA,NA,NA,2.93255131964809,1.35348522445297,0.610948191593353,0.488758553274682,0.146627565982405,0,0,0,0,0,NA,NA,NA,NA,NA,NA,NA,NA,NA,NA,0,0,0.122189638318671,0,0,1.22189638318671,0,0,2.19941348973607,0,0,0,0,0,0,0,0.112790435371081,115.937186213684,590.062906883183,0,0,0,0,0,1.36054421768707,1.09970674486804,0,0,2.55102040816327,0,0,0,0,0,0,8.21995464852608,0.784929356357928,0.850340136054422,5.5326138275447,4.76190476190476,NA,NA,NA,NA,NA,0,0,0,0,0,0.366568914956012,0.451161741484322,0,0,0,15.502290847913,6.29784961582197,5.11201548067908,8.76274263371038,4.90853232788717,0,0,0,0,0,NA,NA,NA,NA,NA,NA,NA,NA,NA,NA,NA,NA,NA,NA,NA,NA,NA,NA,NA,NA,13.1216709557723,25.3433202741959,6.96896549431112,6.49018160538898,50.4867636204042,45.8402324761772,25.6816915803091,4.99481317453668,15.0775363909004,23.1412212979033,105.766353462206,72.6293675602431,196.839195111085,722.779140981906,88.2069543359866,10.8590845918035,4.49320264988468,4.37887765076705,5.95238095238095,3.40136054421769,0.122189638318671,0,0,0.122189638318671,0,6.48020694103644,8.11093668236525,57.8638591311402,85.5393965993044,0,12,13,12,12,10,"18-sep-15",NA,NA,"jack the ripper","","m","c","r","28-dec-10","02-jul-11","07-jul-14","slin","21-oct-10","1","2",NA,"","","",NA,"11-jul-11","serena.s","tr",""
"18","soco",0,0,0,0,0,NA,NA,NA,NA,NA,NA,NA,NA,NA,NA,NA,NA,NA,NA,NA,1.06638229805385,1.34408602150538,2.32160312805474,0.733137829912023,0,0,0,0,0,0,NA,NA,NA,NA,NA,NA,NA,NA,NA,NA,0,0,0,0.104733975701718,0,0,0,1.22189638318671,1.88521156263092,0,0,0,0,0,0,0,0.122189638318671,0.122189638318671,153.553545423197,560.17881248296,0,0,0,0,0,0,0,1.09970674486804,0,2.55102040816327,0,0,0,0,0,6.18429189857761,0.850340136054422,3.40136054421769,4.74224042360975,3.11791383219955,NA,NA,NA,NA,NA,0,0,0,0,0,0,0.488758553274682,0.366568914956012,0,0,6.59506671236876,3.33320033780863,14.4906936381591,9.35409773461123,4.25170068027211,0,0,0,0,0,NA,NA,NA,NA,NA,NA,NA,NA,NA,NA,NA,NA,NA,NA,NA,NA,NA,NA,NA,NA,7.99696044773548,31.8291539489696,10.4484609092904,5.04361778226163,24.4645267686742,20.8561163735022,29.0437289285216,30.9447337097107,8.53760020975294,19.2851823036155,55.2968188075017,87.5476290222834,90.3879146966705,270.356864991493,690.787067515178,5.52868441431491,1.50035576302857,10.4584355736429,6.52628039066485,4.25170068027211,0,0,0.122189638318671,0.104733975701718,0,7.06931666294884,19.0358156948019,15.3900758739468,79.7716656834498,72.6862103590214,11,12,12,14,12,"14-oct-14",NA,NA,"southern comfort","","m","c","r","06-dec-10","11-jul-11","26-nov-11","bor","26-nov-10","1","1",NA,"","","",NA,"02-aug-11","serena.s","tr","check dls date??"
"19","star",NA,NA,0,0,0,NA,NA,NA,NA,NA,NA,NA,NA,NA,NA,NA,NA,NA,NA,NA,NA,NA,0,23.1424681309474,3.17693059628543,NA,NA,0,0,0,NA,NA,NA,NA,NA,NA,NA,NA,NA,NA,NA,NA,0,0,0,NA,NA,0,0,0,NA,NA,0,0,0,NA,NA,0,0,0.850340136054422,NA,NA,0,0,0,NA,NA,1.46627565982405,0,0,NA,NA,0,0,0,NA,NA,1.70068027210884,4.67687074829932,1.53942319840937,NA,NA,NA,NA,NA,NA,NA,0,0,0,NA,NA,0,0,0,NA,NA,0,22.9591836734694,5.24417978335029,NA,NA,0,0,0,NA,NA,NA,NA,NA,NA,NA,NA,NA,NA,NA,NA,NA,NA,NA,NA,NA,NA,NA,NA,NA,NA,25.5102040816327,22.5340136054422,30.6122448979592,NA,NA,0,46.343537414966,8.50340136054422,NA,NA,30.1434356733896,119.656073573124,51.9937691596678,NA,NA,0,0,1.82286991042751,NA,NA,0,0,0.244379276637341,NA,NA,1.46627565982405,0,0,NA,NA,2,8,12,"16-oct-14","1120",NA,"stardust","","m","c","r","09-sep-12","15-feb-13",NA,"taj","22-jul-12",NA,NA,NA,"","a","",NA,"15-aug-13","serena.s","","dob adjusted when calculating mom's reproductive state, jrg 10/14/2014"
"20","sula",NA,NA,0,0,0,NA,NA,NA,NA,NA,NA,NA,NA,NA,NA,NA,NA,NA,NA,NA,NA,NA,0,24.5049004101012,4.70260084839054,NA,NA,0,0,0,NA,NA,NA,NA,NA,NA,NA,NA,NA,NA,NA,NA,0,0,0,NA,NA,0,0,0,NA,NA,0,0,0,NA,NA,0,0,0.927643784786642,NA,NA,0,0,0,NA,NA,1.46627565982405,0,0,NA,NA,0,0,0,NA,NA,1.70068027210884,5.34499514091351,1.06094157204337,NA,NA,NA,NA,NA,NA,NA,0,0,0,NA,NA,0,0,0,NA,NA,0,24.2954324586978,6.95778177973402,NA,NA,0,0,0,NA,NA,NA,NA,NA,NA,NA,NA,NA,NA,NA,NA,NA,NA,NA,NA,NA,NA,NA,NA,NA,NA,25.5102040816327,22.8377065111759,24.4279529993816,NA,NA,0,51.5063168124393,8.96722325293754,NA,NA,30.1434356733896,128.489351333328,49.2993251686172,NA,NA,0,0,1.98858535683002,NA,NA,0,0,0.266595574513463,NA,NA,1.46627565982405,0,0,NA,NA,2,7,11,"18-sep-15","1115",NA,"sulawesi","","m","c","r","23-oct-12","17-may-13","30-jul-14","java","28-jul-12","0",NA,NA,"","a","",NA,"07-jul-13","serena.s","",""
"21","auk",0,0,0,0,0,NA,NA,NA,NA,NA,NA,NA,NA,NA,NA,NA,NA,NA,NA,NA,0,1.02639296187683,21.2748507679383,1.19968008531058,0.811272700673622,0,0,0,0,0.122189638318671,NA,NA,NA,NA,NA,NA,NA,NA,NA,NA,0,0.146627565982405,0,0,1.70068027210884,0.451161741484322,2.05278592375367,0,0,4.53514739229025,0,0,0,1.77004952874245,0,517.200925035026,174.692281604724,0,0,673.410370991016,0,0,1.51171579743008,1.5460729746444,0.244379276637341,2.35478806907378,0,0,3.24176591457697,0.244379276637341,0,0,0,0,0,6.3024533070616,1.16703572924771,3.40136054421769,8.0395794681509,5.10204081632653,NA,NA,NA,NA,NA,0,0,0,0.133297787256732,0,0,0,0.814597588791137,0.266595574513463,0.283446712018141,5.42238099841787,9.78813812915195,25.1128799515896,15.2267785279934,10.8590845918035,0,0,0,0,0,NA,NA,NA,NA,NA,NA,NA,NA,NA,NA,NA,NA,NA,NA,NA,NA,NA,NA,NA,NA,15.2205705201097,4.86763620404173,45.72940287226,84.7520026405657,41.160452450775,15.9341426622533,7.40718574819957,19.4960356250679,26.4546234382849,7.97141926174184,634.952604998688,274.102778941489,118.852558944725,155.857757659182,772.655787632746,4.97121925693354,6.41570411155665,1.51171579743008,9.91118921575562,3.16196859975662,0,0.146627565982405,0,0.399893361770195,0,67.0949634083275,66.3923633969717,0,2.91622914161666,23.0489556526423,13,10,9,11,12,"02-oct-07",NA,NA,"great auk","","m","c","r","08-apr-10",NA,"05-jun-10","badg","11-mar-10","1","1",NA,"","","",NA,NA,"serena.s","tr","dob 2/25/2010?"
"22","boyk",NA,NA,NA,NA,0,NA,NA,NA,NA,NA,NA,NA,NA,NA,NA,NA,NA,NA,NA,NA,NA,NA,NA,NA,0.366568914956012,NA,NA,NA,NA,0,NA,NA,NA,NA,NA,NA,NA,NA,NA,NA,NA,NA,NA,NA,0,NA,NA,NA,NA,0,NA,NA,NA,NA,0,NA,NA,NA,NA,0,NA,NA,NA,NA,0,NA,NA,NA,NA,0.733137829912023,NA,NA,NA,NA,0,NA,NA,NA,NA,0.850340136054422,NA,NA,NA,NA,NA,NA,NA,NA,NA,0,NA,NA,NA,NA,0,NA,NA,NA,NA,0,NA,NA,NA,NA,0,NA,NA,NA,NA,NA,NA,NA,NA,NA,NA,NA,NA,NA,NA,NA,NA,NA,NA,NA,NA,NA,NA,NA,NA,37.4149659863946,NA,NA,NA,NA,2.55102040816327,NA,NA,NA,NA,42.6491711053923,NA,NA,NA,NA,0,NA,NA,NA,NA,0,NA,NA,NA,NA,0.733137829912023,NA,NA,NA,NA,4,"17-sep-15",NA,NA,"boykin spaniel","","m","c","r","02-mar-13",NA,"22-apr-13","tru","13-jan-13","1","1",NA,"","a","",NA,NA,"serena.s","","dob adj jrg 10/14/2014 tru seen mating with veni 9/25/12"
"23","bron",NA,NA,NA,0,0,NA,NA,NA,NA,NA,NA,NA,NA,NA,NA,NA,NA,NA,NA,NA,NA,NA,NA,0.244379276637341,33.3004169409699,NA,NA,NA,0,0,NA,NA,NA,NA,NA,NA,NA,NA,NA,NA,NA,NA,NA,0,0,NA,NA,NA,0,0,NA,NA,NA,0,0,NA,NA,NA,0,0,NA,NA,NA,0,0,NA,NA,NA,0.488758553274682,0,NA,NA,NA,0,0,NA,NA,NA,2.26757369614512,4.77952666892759,NA,NA,NA,NA,NA,NA,NA,NA,0,0,NA,NA,NA,0,0,NA,NA,NA,0,34.033554770882,NA,NA,NA,0,0,NA,NA,NA,NA,NA,NA,NA,NA,NA,NA,NA,NA,NA,NA,NA,NA,NA,NA,NA,NA,NA,NA,NA,28.9115646258503,15.3061224489796,NA,NA,NA,15.3061224489796,46.4852607709751,NA,NA,NA,47.7071571541618,134.638019430646,NA,NA,NA,0,0.244379276637341,NA,NA,NA,0,0.488758553274682,NA,NA,NA,0.488758553274682,0,NA,NA,NA,6,6,"16-sep-15","1113",NA,"baron","","m","c","r","16-nov-12","18-jun-13","19-nov-15","bart","01-oct-12",NA,NA,NA,"","a","",NA,"30-oct-13","serena.s","",""
"24","komo",0,0,0,0,0,NA,NA,NA,NA,NA,NA,NA,NA,NA,NA,NA,NA,NA,NA,NA,2.93255131964809,1.59957344708078,0.523669878508588,0.451161741484322,0.146627565982405,0,0,0,0,0,NA,NA,NA,NA,NA,NA,NA,NA,NA,NA,0,0,0.104733975701718,0,0,1.22189638318671,0,0,2.03022783667945,0,0,0,0,0,0,0,0,124.884935121933,544.673452507554,0,0,0,0,0,1.36054421768707,1.09970674486804,0,0,2.35478806907378,0,0,0,0,0,0,8.21995464852608,0.618429189857761,1.45772594752187,5.89195750486073,4.76190476190476,NA,NA,NA,NA,NA,0,0,0,0,0,0.366568914956012,0.399893361770195,0,0,0,15.502290847913,7.30961539507832,4.4864615305695,8.76082442902719,4.90853232788717,0,0,0,0,0,NA,NA,NA,NA,NA,NA,NA,NA,NA,NA,NA,NA,NA,NA,NA,NA,NA,NA,NA,NA,13.1216709557723,23.191094619666,6.21635331971079,8.19687225217179,50.4867636204042,45.8402324761772,30.3510900494562,6.81554565688865,18.7086339160072,23.1412212979033,105.766353462206,69.7074884339233,208.962093425556,673.599825673558,88.2069543359866,10.8590845918035,5.31014858622735,3.75332370065747,6.27943485086342,3.40136054421769,0.122189638318671,0,0.104733975701718,0,0,6.48020694103644,0.927643784786642,60.6146103183628,76.2524725658366,0,12,11,14,13,10,"14-oct-14","1075",NA,"komodo","","f","c","r","17-nov-10","02-jul-11","26-may-17","java","10-oct-10","1","2",NA,"","","",NA,"07-nov-11","serena.s","tr",""
"25","jmsn",0,0,0,0,0,NA,NA,NA,NA,NA,NA,NA,NA,NA,NA,NA,NA,NA,NA,NA,0.266595574513463,18.4730783809125,0.566893424036281,0,0.122189638318671,0.133297787256732,0,0,0,0,NA,NA,NA,NA,NA,NA,NA,NA,NA,NA,0,0,1.70068027210884,0,0,0,0,4.53514739229025,0,0,1.77004952874245,1.23685837971552,0,0,0,0,0,784.943742893052,8.69192251680731,0,0.885024764371224,1.23685837971552,0,0,0,2.30868140377985,1.19968008531058,0,3.40136054421769,0,0,0,0,0,0,8.65800865800866,6.80272108843537,1.70068027210884,2.38095238095238,1.4172335600907,NA,NA,NA,NA,NA,0,0.133297787256732,0.488758553274682,0,0,0,0.933084510797121,0.566893424036281,0,0,13.717883847754,25.7291933035544,11.5872350895392,5.39529594829134,4.4279197505004,0,0,0,0,0.283446712018141,NA,NA,NA,NA,NA,NA,NA,NA,NA,NA,NA,NA,NA,NA,NA,NA,NA,NA,NA,NA,90.6343342455617,59.0599876314162,8.84586483664825,6.90246773196082,7.06206236160153,23.9491691104594,12.8591559257667,7.6489051143429,6.61519739860754,7.94232649071359,167.120060500873,131.689145932967,841.112740306289,57.953797354719,30.7759956377468,10.2630228310999,3.71601586515705,3.60667238547423,5.39529594829134,4.02228340016358,0.399893361770195,0,0.122189638318671,0,0,14.1340993875556,0.309214594928881,14.7990770110586,19.1713048855906,5.49853372434018,11,11,12,10,12,"18-sep-15","1017",NA,"jameson","","m","s","r","11-sep-09","30-jun-10",NA,"bor","09-aug-09","1","2",NA,"","","",NA,"07-jul-10","serena.s","tr","right a/b nick"
"26","bbq",NA,NA,NA,NA,0,NA,NA,NA,NA,NA,NA,NA,NA,NA,NA,NA,NA,NA,NA,NA,NA,NA,NA,NA,1.03362459353243,NA,NA,NA,NA,0,NA,NA,NA,NA,NA,NA,NA,NA,NA,NA,NA,NA,NA,NA,0,NA,NA,NA,NA,0,NA,NA,NA,NA,0,NA,NA,NA,NA,0,NA,NA,NA,NA,0,NA,NA,NA,NA,0.366568914956012,NA,NA,NA,NA,0,NA,NA,NA,NA,1.70068027210884,NA,NA,NA,NA,NA,NA,NA,NA,NA,0,NA,NA,NA,NA,0,NA,NA,NA,NA,0.850340136054422,NA,NA,NA,NA,0,NA,NA,NA,NA,NA,NA,NA,NA,NA,NA,NA,NA,NA,NA,NA,NA,NA,NA,NA,NA,NA,NA,NA,NA,21.6836734693878,NA,NA,NA,NA,26.7857142857143,NA,NA,NA,NA,52.7871705867098,NA,NA,NA,NA,0,NA,NA,NA,NA,0,NA,NA,NA,NA,0.366568914956012,NA,NA,NA,NA,8,"14-oct-14",NA,NA,"sweet bbq","","u","c","r",NA,NA,"02-feb-13","clov","02-dec-12","1",NA,NA,"","a","",NA,NA,"serena.s","","dbw"
"27","bali",0,0,0,0,0,NA,NA,NA,NA,NA,NA,NA,NA,NA,NA,NA,NA,NA,NA,NA,23.1424681309474,0,3.81231671554252,15.4950869236584,0.122189638318671,0,0,0,0,0,NA,NA,NA,NA,NA,NA,NA,NA,NA,NA,0,0,0,0,0.366568914956012,0,0,0,0,0,0,0,0,0,0,0,0,1.02040816326531,28.3446712018141,6.32393719951324,0,0,0,0,0,0,1.46627565982405,0,6.37270222523679,0.244379276637341,0,0,0,0,0,4.67687074829932,1.70068027210884,1.16703572924771,0.755857898715042,1.09471941269176,NA,NA,NA,NA,NA,0,0,0,0,0.366568914956012,0,0,0,0,0.405636350336811,22.9591836734694,0,6.29301574002035,20.1998036099419,6.74453554637886,0,0,0,0,0,NA,NA,NA,NA,NA,NA,NA,NA,NA,NA,NA,NA,NA,NA,NA,NA,NA,NA,NA,NA,22.5340136054422,25.5102040816327,24.8299319727891,33.7465060967365,33.9354705714153,46.343537414966,0,8.84353741496599,19.9526535932066,24.0297976473092,119.656073573124,30.1434356733896,48.4469447603088,176.612515322193,146.09807754969,0,0,2.18744389251302,4.70471668628351,5.48357172781136,0,0,0.293255131964809,0,0,0,1.46627565982405,0,47.0405170866,66.9807023493659,8,2,10,9,12,"14-oct-14",NA,NA,"bali","","u","c","r","08-mar-12",NA,"18-mar-12","java","26-jan-12",NA,NA,NA,"","a","",NA,NA,"serena.s","","dbw"
"28","nemo",0,0,0,0,0,NA,NA,NA,NA,NA,NA,NA,NA,NA,NA,NA,NA,NA,NA,NA,16.1467649946913,30.8473619862692,0.122189638318671,1.34408602150538,1.06638229805385,0,0,0,0,0,NA,NA,NA,NA,NA,NA,NA,NA,NA,NA,0,0,0.366568914956012,0,0,0,0,0,0,0,0,0,0,0,0,1.13378684807256,0,26.8493027709618,0.855327468230694,0,0,0,0,0,0,4.15721844293273,0,1.66161283672804,0.244379276637341,0,0,0,0,0,0,1.13378684807256,5.06855444314299,0.811272700673622,1.13378684807256,0.309214594928881,NA,NA,NA,NA,NA,0,0,0,0.366568914956012,0,0,0,0.122189638318671,0.405636350336811,0.399893361770195,18.4143386908364,31.4757658404795,9.05616401008106,3.81697155890704,5.53956586633587,0,0,0,0,0,NA,NA,NA,NA,NA,NA,NA,NA,NA,NA,NA,NA,NA,NA,NA,NA,NA,NA,NA,NA,38.9266817838246,13.6054421768707,33.8964031360345,37.7815349013506,4.59559990351779,12.4716553287982,34.4995140913508,33.1100670962422,31.1109781155864,7.91172240690464,94.6518066333735,116.125042392324,188.087258363756,116.161616161616,23.8956686380231,2.26757369614512,0.209467951403435,8.44521581848771,1.70068027210884,4.07329020651182,0,0.41893590280687,0,0,0,0,0,73.6462718029538,37.4016664339245,0,9,7,12,12,11,"15-sep-15",NA,NA,"captain nemo","","u","c","r","26-nov-11",NA,NA,"mtn","14-sep-11","1","1",NA,"","a","","23-jan-12",NA,"serena.s","tr","dbw"
"29","mayo",0,0,0,0,0,NA,NA,NA,NA,NA,NA,NA,NA,NA,NA,NA,NA,NA,NA,NA,1.46627565982405,1.59957344708078,1.98994553833263,0.855327468230694,0.133297787256732,0,0,0,0,0,NA,NA,NA,NA,NA,NA,NA,NA,NA,NA,0,0,0,0.122189638318671,0,0,0,1.04733975701718,2.19941348973607,0,0,0,0,0,0,0,0.133297787256732,32.2445274716506,141.649377248456,574.616836870712,0,0,0,0,0,0,0,0.942605781315459,0,2.78293135435993,0,0,0,0,0,6.23582766439909,0.927643784786642,2.91545189504373,5.5326138275447,3.09214594928881,NA,NA,NA,NA,NA,0,0,0,0,0,0,0.533191149026926,0.314201927105153,0,0,12.9313211110446,4.43600527387708,12.5253285226952,10.7909243853944,3.8438729264033,0,0,0,0,0,NA,NA,NA,NA,NA,NA,NA,NA,NA,NA,NA,NA,NA,NA,NA,NA,NA,NA,NA,NA,9.59812077323598,33.0433426369748,10.8324854868634,3.69478192058837,25.5795733382663,19.9684468117648,29.8178989004293,26.871745765755,9.55489722770829,17.3060426516648,68.1452444125255,85.1627774543568,112.534875701433,274.513568868408,669.188443172524,11.4650454512206,2.30324067776938,9.06910732453853,7.49180415079033,3.71057513914657,0,0,0.104733975701718,0.122189638318671,0,6.48020694103644,12.3685837971552,13.6774022554141,92.5000498733218,38.1231671554252,12,11,14,12,11,"18-sep-15",NA,NA,"mayo","","u","c","r","04-jan-11",NA,NA,"clov","16-nov-10","2","3",NA,"","a","unknown","29-jan-11",NA,"serena.s","","dbw found bloody and dying at den"
"30","ph",0,0,0,0,0,NA,NA,NA,NA,NA,NA,NA,NA,NA,NA,NA,NA,NA,NA,NA,17.4066960828586,0.451161741484322,1.46627565982405,0.695376600577391,0,0,0,0,0.104733975701718,0,NA,NA,NA,NA,NA,NA,NA,NA,NA,NA,0,0,0,1.45772594752187,0,0,2.03022783667945,0,3.88726919339164,0,0,0,1.51171579743008,0.41893590280687,0,0,517.200925035026,0,577.208889420871,205.663000593876,1.23685837971552,0,1.8896447467876,0.209467951403435,0,0,2.35478806907378,1.84420460918157,1.57100963552576,2.61643118785976,0,0,0,0,0,4.32900432900433,5.1070281485028,9.82615268329554,4.3731778425656,1.83150183150183,NA,NA,NA,NA,NA,0,0,0.162919517758227,0,0.451161741484322,0.666488936283658,0,0.325839035516455,0.242954324586978,0.261643118785976,21.47454556336,8.76082442902719,11.1428083778314,14.1084502506491,6.4735571648014,0,0,0,0,0,NA,NA,NA,NA,NA,NA,NA,NA,NA,NA,NA,NA,NA,NA,NA,NA,NA,NA,NA,NA,47.0006184291899,7.93522913338582,80.8767951625095,49.8790215709241,7.40733920457423,17.4973748496999,16.3177835988896,25.1649698654307,11.4409400123686,5.13848670530698,111.776088734614,633.53236625126,142.643241721583,693.036829310694,252.489446037833,2.16450216450216,6.27943485086342,5.786413620515,6.77778442755401,5.64796186916003,0,0,0,0.314201927105153,0.112790435371081,0,67.0949634083275,2.64550264550265,20.3468903271405,16.8855721851114,11,13,9,14,13,"18-sep-15",NA,NA,"planet hollywood","","u","c","r","08-jan-10",NA,"01-may-10","taj","24-dec-09",NA,NA,NA,"","a","",NA,NA,"serena.s","tr","dbw"
"31","rast",0,0,0,0,0,NA,NA,NA,NA,NA,NA,NA,NA,NA,NA,NA,NA,NA,NA,NA,24.4811512092618,1.03362459353243,20.1317225675356,0.122189638318671,1.34408602150538,0,0,0,0,0,NA,NA,NA,NA,NA,NA,NA,NA,NA,NA,0,0,0,0.366568914956012,0,0,0,0,0,0,0,0,0,0,0,1.13378684807256,0,0,26.8493027709618,0.855327468230694,0,0,0,0,0,0,0.366568914956012,5.34499514091351,1.66161283672804,0.244379276637341,0,0,0,0,0,4.32013796069096,1.70068027210884,0.971817298347911,0.811272700673622,1.13378684807256,NA,NA,NA,NA,NA,0,0,0,0,0.366568914956012,0,0,0,0.122189638318671,0.405636350336811,25.7257676612515,0.850340136054422,22.0753571642314,9.05616401008106,3.81697155890704,0,0,0,0,0,NA,NA,NA,NA,NA,NA,NA,NA,NA,NA,NA,NA,NA,NA,NA,NA,NA,NA,NA,NA,11.3378684807256,21.6836734693878,49.0767735665695,33.8964031360345,37.7815349013506,26.832955404384,26.7857142857143,16.0349854227405,33.1100670962422,31.1109781155864,95.0762840163762,52.7871705867098,115.579285757034,188.087258363756,116.161616161616,0.918777416473269,0,1.94363459669582,8.44521581848771,1.70068027210884,0.325839035516455,0,0,0,0,0,0.366568914956012,0,73.6462718029538,37.4016664339245,9,8,7,12,12,"03-oct-14","1165",NA,"rastapopulos","","f","c","r","23-jan-12",NA,"27-jan-17","slin","05-dec-11","1","1",NA,"","a","",NA,NA,"serena.s","",""
"32","tyak",0,0,0,0,0,NA,NA,NA,NA,NA,NA,NA,NA,NA,NA,NA,NA,NA,NA,NA,21.2748507679383,0,1.19968008531058,0.811272700673622,0,0,0,0,0.122189638318671,0,NA,NA,NA,NA,NA,NA,NA,NA,NA,NA,0,0,0,1.70068027210884,0,0,0.451161741484322,0,4.53514739229025,0,0,0,1.77004952874245,0,0,0,517.200925035026,0,673.410370991016,118.776640666042,1.51171579743008,0,1.5460729746444,0.244379276637341,0,0,2.35478806907378,3.24176591457697,0.244379276637341,2.83446712018141,0,0,0,0,0,3.40136054421769,6.3024533070616,8.0395794681509,5.10204081632653,1.98412698412698,NA,NA,NA,NA,NA,0,0,0.133297787256732,0,0.488758553274682,0.814597588791137,0,0.266595574513463,0.283446712018141,0.283446712018141,25.1128799515896,5.42238099841787,15.2267785279934,10.8590845918035,7.01302026186819,0,0,0,0,0,NA,NA,NA,NA,NA,NA,NA,NA,NA,NA,NA,NA,NA,NA,NA,NA,NA,NA,NA,NA,45.72940287226,15.2205705201097,84.7520026405657,41.160452450775,7.17427733556766,19.4960356250679,15.9341426622533,26.4546234382849,7.97141926174184,5.56669393074923,118.852558944725,634.952604998688,155.857757659182,772.655787632746,168.654949760941,1.51171579743008,4.97121925693354,9.91118921575562,3.16196859975662,6.1186253582567,0,0,0.399893361770195,0,0.122189638318671,0,67.0949634083275,2.91622914161666,23.0489556526423,18.2927032005373,9,13,11,12,12,"14-oct-14",NA,NA,"teriyaki sauce","","u","c","r","05-jan-10",NA,"08-apr-10","clov","12-dec-09","1","2",NA,"","a","",NA,NA,"serena.s","tr","dbw, check dob"
"33","jerk",NA,NA,NA,NA,0,NA,NA,NA,NA,NA,NA,NA,NA,NA,NA,NA,NA,NA,NA,NA,NA,NA,NA,NA,1.03362459353243,NA,NA,NA,NA,0,NA,NA,NA,NA,NA,NA,NA,NA,NA,NA,NA,NA,NA,NA,0,NA,NA,NA,NA,0,NA,NA,NA,NA,0,NA,NA,NA,NA,0,NA,NA,NA,NA,0,NA,NA,NA,NA,0.366568914956012,NA,NA,NA,NA,0,NA,NA,NA,NA,1.70068027210884,NA,NA,NA,NA,NA,NA,NA,NA,NA,0,NA,NA,NA,NA,0,NA,NA,NA,NA,0.850340136054422,NA,NA,NA,NA,0,NA,NA,NA,NA,NA,NA,NA,NA,NA,NA,NA,NA,NA,NA,NA,NA,NA,NA,NA,NA,NA,NA,NA,NA,21.6836734693878,NA,NA,NA,NA,26.7857142857143,NA,NA,NA,NA,52.7871705867098,NA,NA,NA,NA,0,NA,NA,NA,NA,0,NA,NA,NA,NA,0.366568914956012,NA,NA,NA,NA,8,"18-sep-15",NA,NA,"caribbean jerk","","f","c","r","17-jan-13",NA,"24-mar-13","clov","02-dec-12",NA,NA,NA,"","a","",NA,NA,"serena.s","","dbw"
"34","cckr",NA,NA,NA,NA,0,NA,NA,NA,NA,NA,NA,NA,NA,NA,NA,NA,NA,NA,NA,NA,NA,NA,NA,NA,0.366568914956012,NA,NA,NA,NA,0,NA,NA,NA,NA,NA,NA,NA,NA,NA,NA,NA,NA,NA,NA,0,NA,NA,NA,NA,0,NA,NA,NA,NA,0,NA,NA,NA,NA,0,NA,NA,NA,NA,0,NA,NA,NA,NA,0.733137829912023,NA,NA,NA,NA,0,NA,NA,NA,NA,0.850340136054422,NA,NA,NA,NA,NA,NA,NA,NA,NA,0,NA,NA,NA,NA,0,NA,NA,NA,NA,0,NA,NA,NA,NA,0,NA,NA,NA,NA,NA,NA,NA,NA,NA,NA,NA,NA,NA,NA,NA,NA,NA,NA,NA,NA,NA,NA,NA,NA,37.4149659863946,NA,NA,NA,NA,2.55102040816327,NA,NA,NA,NA,42.6491711053923,NA,NA,NA,NA,0,NA,NA,NA,NA,0,NA,NA,NA,NA,0.733137829912023,NA,NA,NA,NA,4,"17-sep-15",NA,NA,"cocker spaniel","","u","c","r","02-mar-13",NA,"02-mar-13","tru","13-jan-13","1","2",NA,"","a","",NA,NA,"serena.s","","dob adj jrg 10/14/2014 tru seen mating with veni 9/25/12"
"35","circ",NA,NA,0,0,0,NA,NA,NA,NA,NA,NA,NA,NA,NA,NA,NA,NA,NA,NA,NA,NA,NA,0,23.1424681309474,3.17693059628543,NA,NA,0,0,0,NA,NA,NA,NA,NA,NA,NA,NA,NA,NA,NA,NA,0,0,0,NA,NA,0,0,0,NA,NA,0,0,0,NA,NA,0,0,0.850340136054422,NA,NA,0,0,0,NA,NA,1.46627565982405,0,0,NA,NA,0,0,0,NA,NA,1.70068027210884,4.67687074829932,1.53942319840937,NA,NA,NA,NA,NA,NA,NA,0,0,0,NA,NA,0,0,0,NA,NA,0,22.9591836734694,5.24417978335029,NA,NA,0,0,0,NA,NA,NA,NA,NA,NA,NA,NA,NA,NA,NA,NA,NA,NA,NA,NA,NA,NA,NA,NA,NA,NA,25.5102040816327,22.5340136054422,30.6122448979592,NA,NA,0,46.343537414966,8.50340136054422,NA,NA,30.1434356733896,119.656073573124,51.9937691596678,NA,NA,0,0,1.82286991042751,NA,NA,0,0,0.244379276637341,NA,NA,1.46627565982405,0,0,NA,NA,2,8,12,"22-oct-14",NA,NA,"circus circus","","u","c","r","09-sep-12",NA,"11-sep-12","taj","22-jul-12","1","2",NA,"","a","",NA,NA,"serena.s","","dbw, dob adjusted when calculating mom's reproductive state, jrg 10/14/2014"
"36","lndo",NA,NA,0,0,0,NA,NA,NA,NA,NA,NA,NA,NA,NA,NA,NA,NA,NA,NA,NA,NA,NA,19.0593669856343,7.1803333817817,15.6580064414166,NA,NA,0,0,0,NA,NA,NA,NA,NA,NA,NA,NA,NA,NA,NA,NA,0,0,0,NA,NA,0,0,0,NA,NA,0,0,0,NA,NA,0,1.45772594752187,0,NA,NA,0,0,0,NA,NA,0.325839035516455,0,6.04686318972033,NA,NA,0,0,0,NA,NA,4.53514739229025,1.6671938989253,0.755857898715042,NA,NA,NA,NA,NA,NA,NA,0,0,0,NA,NA,0,0,0,NA,NA,18.896447467876,8.78055453433992,17.9255801375617,NA,NA,0,0,0,NA,NA,NA,NA,NA,NA,NA,NA,NA,NA,NA,NA,NA,NA,NA,NA,NA,NA,NA,NA,NA,NA,23.4315948601663,9.23226433430515,47.2411186696901,NA,NA,40.0604686318972,1.45772594752187,15.2800774920591,NA,NA,106.634703408897,31.376019196954,105.175077525308,NA,NA,0,1.18128524975135,2.26757369614512,NA,NA,0,0.41893590280687,0,NA,NA,0.325839035516455,0,0,NA,NA,9,7,9,"18-sep-15",NA,NA,"lando calripien","","u","c","r","09-jul-12",NA,"09-jul-12","mtn","27-may-12","1",NA,NA,"","a","",NA,NA,"serena.s","","dbw"
"37","cpal",0,0,0,0,0,NA,NA,NA,NA,NA,NA,NA,NA,NA,NA,NA,NA,NA,NA,NA,21.4417878588385,0,4.70260084839054,14.0922057972749,0.133297787256732,0,0,0,0,0,NA,NA,NA,NA,NA,NA,NA,NA,NA,NA,0,0,0,0,0.399893361770195,0,0,0,0,0,0,0,0,0,0,0,0,0.927643784786642,0,30.0899352009532,0,0,0,0,0,0,1.46627565982405,0,5.73543200271311,0.266595574513463,0,0,0,0,0,5.10204081632653,1.70068027210884,1.06094157204337,0.680272108843538,1.19423935930011,NA,NA,NA,NA,NA,0,0,0,0,0.399893361770195,0,0,0,0,0.442512382185612,21.2585034013605,0,6.95778177973402,17.9863147605083,8.90374811614862,0,0,0,0,0,NA,NA,NA,NA,NA,NA,NA,NA,NA,NA,NA,NA,NA,NA,NA,NA,NA,NA,NA,NA,26.3605442176871,25.5102040816327,24.4279529993816,40.9160731741377,34.5467965912038,45.0680272108844,0,8.96722325293754,26.4607895944301,26.5235393010843,119.230903505097,30.1434356733896,49.2993251686172,120.469008717857,209.472485341777,0,0,1.98858535683002,3.89410896323339,7.52815122316589,0,0,0.266595574513463,0,0,0,1.46627565982405,0,10.7038123167155,99.0438830824252,8,2,11,10,11,"17-sep-15",NA,NA,"ceasars palace","","u","c","r","23-mar-12","02-apr-12","02-apr-12","taj","03-feb-12","0",NA,NA,"","a","",NA,NA,"serena.s","","dbw"
"38","maku",0,0,0,0,0,NA,NA,NA,NA,NA,NA,NA,NA,NA,NA,NA,NA,NA,NA,NA,24.4811512092618,1.03362459353243,20.1317225675356,0.122189638318671,1.34408602150538,0,0,0,0,0,NA,NA,NA,NA,NA,NA,NA,NA,NA,NA,0,0,0,0.366568914956012,0,0,0,0,0,0,0,0,0,0,0,1.13378684807256,0,0,26.8493027709618,0.855327468230694,0,0,0,0,0,0,0.366568914956012,5.34499514091351,1.66161283672804,0.244379276637341,0,0,0,0,0,4.32013796069096,1.70068027210884,0.971817298347911,0.811272700673622,1.13378684807256,NA,NA,NA,NA,NA,0,0,0,0,0.366568914956012,0,0,0,0.122189638318671,0.405636350336811,25.7257676612515,0.850340136054422,22.0753571642314,9.05616401008106,3.81697155890704,0,0,0,0,0,NA,NA,NA,NA,NA,NA,NA,NA,NA,NA,NA,NA,NA,NA,NA,NA,NA,NA,NA,NA,11.3378684807256,21.6836734693878,49.0767735665695,33.8964031360345,37.7815349013506,26.832955404384,26.7857142857143,16.0349854227405,33.1100670962422,31.1109781155864,95.0762840163762,52.7871705867098,115.579285757034,188.087258363756,116.161616161616,0.918777416473269,0,1.94363459669582,8.44521581848771,1.70068027210884,0.325839035516455,0,0,0,0,0,0.366568914956012,0,73.6462718029538,37.4016664339245,9,8,7,12,12,"18-sep-15",NA,NA,"makuta","","u","c","r","23-jan-12",NA,"29-jan-12","slin","05-dec-11","1","2",NA,"","k","bitten in head by clovis","29-jan-12",NA,"serena.s","","clovis walked up to den, grabbed maku by head, crunched and killed it, it was then eaten by other clan members"
"39","pv",0,0,0,0,0,NA,NA,NA,NA,NA,NA,NA,NA,NA,NA,NA,NA,NA,NA,NA,1.59957344708078,0,2.93255131964809,0.563952176855403,0.533191149026926,0,0,0,0,0,NA,NA,NA,NA,NA,NA,NA,NA,NA,NA,0,0.122189638318671,0,0.112790435371081,0,0,0,1.22189638318671,0,2.39936017062117,0,0,0,0,0,0,4.46199985370492,0,107.018941120324,643.704989327109,0,0,0,0,0,0,0.244379276637341,1.09970674486804,0,2.78293135435993,0,0,0,0,0,0.618429189857761,1.13378684807256,8.21995464852608,0.784929356357928,6.03557872095786,NA,NA,NA,NA,NA,0,0.366568914956012,0,0,0,0.399893361770195,0.405636350336811,0.366568914956012,0,0,7.30961539507832,2.92756398747182,15.502290847913,4.83157395599792,9.42605781315459,0,0,0,0,0,NA,NA,NA,NA,NA,NA,NA,NA,NA,NA,NA,NA,NA,NA,NA,NA,NA,NA,NA,NA,23.191094619666,31.384450163252,13.1216709557723,6.43289122551795,7.08019811496979,30.3510900494562,22.7297663933609,45.8402324761772,4.72338721186647,16.3149237300892,69.7074884339233,139.026040523736,105.766353462206,184.743060319097,784.887295360693,5.31014858622735,2.03316908386033,10.8590845918035,4.04204090840036,6.49350649350649,0,0,0.122189638318671,0.112790435371081,0,0.927643784786642,73.216530013765,6.48020694103644,56.1197634930354,90.1165584868978,11,12,12,13,11,"14-oct-14",NA,NA,"pancho villa","","u","c","r","14-feb-11",NA,"14-feb-11","pro","12-jan-11","1","1",NA,"","","cause unknown",NA,NA,"serena.s","tr","dbw"
"40","trop",0,0,0,0,0,NA,NA,NA,NA,NA,NA,NA,NA,NA,NA,NA,NA,NA,NA,NA,1.06638229805385,1.24069478908189,2.0772238514174,1.09970674486804,0,0,0,0,0,0,NA,NA,NA,NA,NA,NA,NA,NA,NA,NA,0,0,0,0.122189638318671,0,0,0,1.22189638318671,1.71065493646139,0.488758553274682,0,0,0,0,0,0,2.6210348790994,0,145.699090975589,560.301002121279,0,0,0,0,0,0,0.225580870742161,1.09970674486804,0,2.55102040816327,0,0,0,0,0,0.309214594928881,1.30821559392988,8.78684807256236,0.972529774373092,6.82765774931674,NA,NA,NA,NA,NA,0,0.338371306113242,0,0,0,0.399893361770195,0.374433554157056,0.366568914956012,0,0,5.53956586633587,3.52335836206804,15.2579115712756,9.09024411328559,5.87424608161935,0,0,0,0,0,NA,NA,NA,NA,NA,NA,NA,NA,NA,NA,NA,NA,NA,NA,NA,NA,NA,NA,NA,NA,4.59559990351779,39.3231960052237,16.1173951496532,4.33981021538625,16.4889513967855,7.91172240690464,45.7246286739374,41.2269502131253,7.75613275613276,17.2619878841077,23.8956686380231,138.361638361638,112.056210558515,239.835817024757,687.865322081912,4.07329020651182,1.56985871271586,11.4700327833968,6.03550315531882,5.38548752834467,0,0,0.122189638318671,0.122189638318671,0,0,42.1122656145698,14.3094872357545,62.8877650767052,72.6862103590214,11,13,12,12,12,"18-sep-15",NA,NA,"tropicana","","u","c","r","06-jan-11",NA,"09-apr-11","taj","16-dec-10","1","1",NA,"","","cause unknown",NA,NA,"serena.s","tr","dbw"
"41","suma",0,0,0,0,0,NA,NA,NA,NA,NA,NA,NA,NA,NA,NA,NA,NA,NA,NA,NA,2.93255131964809,1.59957344708078,0.523669878508588,0.451161741484322,0.146627565982405,0,0,0,0,0,NA,NA,NA,NA,NA,NA,NA,NA,NA,NA,0,0,0.104733975701718,0,0,1.22189638318671,0,0,2.03022783667945,0,0,0,0,0,0,0,0,124.884935121933,544.673452507554,0,0,0,0,0,1.36054421768707,1.09970674486804,0,0,2.35478806907378,0,0,0,0,0,0,8.21995464852608,0.618429189857761,1.45772594752187,5.89195750486073,4.76190476190476,NA,NA,NA,NA,NA,0,0,0,0,0,0.366568914956012,0.399893361770195,0,0,0,15.502290847913,7.30961539507832,4.4864615305695,8.76082442902719,4.90853232788717,0,0,0,0,0,NA,NA,NA,NA,NA,NA,NA,NA,NA,NA,NA,NA,NA,NA,NA,NA,NA,NA,NA,NA,13.1216709557723,23.191094619666,6.21635331971079,8.19687225217179,50.4867636204042,45.8402324761772,30.3510900494562,6.81554565688865,18.7086339160072,23.1412212979033,105.766353462206,69.7074884339233,208.962093425556,673.599825673558,88.2069543359866,10.8590845918035,5.31014858622735,3.75332370065747,6.27943485086342,3.40136054421769,0.122189638318671,0,0.104733975701718,0,0,6.48020694103644,0.927643784786642,60.6146103183628,76.2524725658366,0,12,11,14,13,10,"18-sep-15","1083",NA,"sumatra","","u","c","r","14-nov-10","02-jul-11","28-feb-12","java","10-oct-10","1","1",NA,"","","",NA,"07-nov-11","serena.s","tr",""
"42","sqr",0,0,0,0,0,NA,NA,NA,NA,NA,NA,NA,NA,NA,NA,NA,NA,NA,NA,NA,1.46627565982405,1.59957344708078,1.71065493646139,0.733137829912023,0.146627565982405,0,0,0,0,0,NA,NA,NA,NA,NA,NA,NA,NA,NA,NA,0,0,0,0.104733975701718,0,0,0,1.22189638318671,1.88521156263092,0,0,0,0,0,0,0,0.133297787256732,37.6186153835923,143.279641140076,601.466275659824,0,0,0,0,1.02040816326531,0,0,1.09970674486804,0,3.06122448979592,0,0,0,0,0,6.23582766439909,0.927643784786642,2.83446712018141,4.74224042360975,3.74149659863946,NA,NA,NA,NA,NA,0,0,0,0,0,0,0.533191149026926,0.366568914956012,0,0,12.9313211110446,4.43600527387708,6.99390215519248,10.4641353818444,3.54798811020009,0,0,0,0,0,NA,NA,NA,NA,NA,NA,NA,NA,NA,NA,NA,NA,NA,NA,NA,NA,NA,NA,NA,NA,9.59812077323598,33.0433426369748,10.3703260385288,4.45297515738595,33.4799608993157,19.9684468117648,29.8178989004293,30.3778402856744,8.29464588516596,27.7335567658148,68.1452444125255,85.1627774543568,112.245729181213,260.983530404202,718.513974504758,11.4650454512206,2.30324067776938,3.5725922822697,7.63631803789803,2.38095238095238,0,0,0.122189638318671,0.104733975701718,0,6.48020694103644,12.3685837971552,15.9569692979831,79.2857570342758,41.9354838709677,12,11,12,14,10,"14-oct-14",NA,NA,"squire","","u","c","r","28-dec-10","17-oct-11","11-feb-12","bart","09-nov-10","1","2",NA,"","","",NA,"26-nov-11","serena.s","tr",""
"43","jwlk",0,0,0,0,0,NA,NA,NA,NA,NA,NA,NA,NA,NA,NA,NA,NA,NA,NA,NA,1.06638229805385,1.34408602150538,2.32160312805474,0.733137829912023,0,0,0,0,0,0,NA,NA,NA,NA,NA,NA,NA,NA,NA,NA,0,0,0,0.104733975701718,0,0,0,1.22189638318671,1.88521156263092,0,0,0,0,0,0,0,0.122189638318671,0.122189638318671,153.553545423197,560.17881248296,0,0,0,0,0,0,0,1.09970674486804,0,2.55102040816327,0,0,0,0,0,6.18429189857761,0.850340136054422,3.40136054421769,4.74224042360975,3.11791383219955,NA,NA,NA,NA,NA,0,0,0,0,0,0,0.488758553274682,0.366568914956012,0,0,6.59506671236876,3.33320033780863,14.4906936381591,9.35409773461123,4.25170068027211,0,0,0,0,0,NA,NA,NA,NA,NA,NA,NA,NA,NA,NA,NA,NA,NA,NA,NA,NA,NA,NA,NA,NA,7.99696044773548,31.8291539489696,10.4484609092904,5.04361778226163,24.4645267686742,20.8561163735022,29.0437289285216,30.9447337097107,8.53760020975294,19.2851823036155,55.2968188075017,87.5476290222834,90.3879146966705,270.356864991493,690.787067515178,5.52868441431491,1.50035576302857,10.4584355736429,6.52628039066485,4.25170068027211,0,0,0.122189638318671,0.104733975701718,0,7.06931666294884,19.0358156948019,15.3900758739468,79.7716656834498,72.6862103590214,11,12,12,14,12,"18-sep-15",NA,NA,"johnny walker","","u","c","r","29-jan-11",NA,"14-oct-14","bor","26-nov-10","1","2",NA,"","","",NA,NA,"serena.s","tr","dls adjusted re: jrg 10/14/2014, date last seen nursing is dls so probably inaccurate"
"44","hs",0,0,0,0,0,NA,NA,NA,NA,NA,NA,NA,NA,NA,NA,NA,NA,NA,NA,NA,1.61290322580645,0.104733975701718,1.06638229805385,2.32160312805474,0.733137829912023,0,0,0,0,0,NA,NA,NA,NA,NA,NA,NA,NA,NA,NA,0,0.314201927105153,0,0,0.104733975701718,0,0,0,1.22189638318671,1.88521156263092,0,0,0,0,0,0.146627565982405,23.6420919436061,0,0.122189638318671,153.553545423197,0,0,0,0,0,0,0.41893590280687,0,1.09970674486804,0,0,0,0,0,0,1.02040816326531,0.938330925164368,6.18429189857761,3.40136054421769,4.74224042360975,NA,NA,NA,NA,NA,0,0.314201927105153,0,0,0,0.586510263929619,0.347688300288695,0,0.366568914956012,0,3.99984040537036,8.31958254604733,6.59506671236876,14.4906936381591,9.35409773461123,0,0,0,0,0,NA,NA,NA,NA,NA,NA,NA,NA,NA,NA,NA,NA,NA,NA,NA,NA,NA,NA,NA,NA,36.3476769006723,32.0742457016321,7.99696044773548,10.4484609092904,5.04361778226163,32.6530612244898,29.917580773407,20.8561163735022,30.9447337097107,8.53760020975294,91.7728968420213,189.096124415413,55.2968188075017,90.3879146966705,270.356864991493,1.80042691563429,7.23875641584661,5.52868441431491,10.4584355736429,6.52628039066485,0,0,0,0.122189638318671,0.104733975701718,13.6054421768707,85.4657740767023,7.06931666294884,15.3900758739468,79.7716656834498,10,14,11,12,14,"14-oct-14",NA,NA,"han solo","","u","c","r","21-mar-11",NA,"09-may-11","mtn","21-feb-11","1",NA,NA,"","","",NA,NA,"serena.s","tr","dbw"
"45","ctp",0,0,0,0,0,NA,NA,NA,NA,NA,NA,NA,NA,NA,NA,NA,NA,NA,NA,NA,1.61290322580645,0.104733975701718,1.06638229805385,2.32160312805474,0.733137829912023,0,0,0,0,0,NA,NA,NA,NA,NA,NA,NA,NA,NA,NA,0,0.314201927105153,0,0,0.104733975701718,0,0,0,1.22189638318671,1.88521156263092,0,0,0,0,0,0.146627565982405,23.6420919436061,0,0.122189638318671,153.553545423197,0,0,0,0,0,0,0.41893590280687,0,1.09970674486804,0,0,0,0,0,0,1.02040816326531,0.938330925164368,6.18429189857761,3.40136054421769,4.74224042360975,NA,NA,NA,NA,NA,0,0.314201927105153,0,0,0,0.586510263929619,0.347688300288695,0,0.366568914956012,0,3.99984040537036,8.31958254604733,6.59506671236876,14.4906936381591,9.35409773461123,0,0,0,0,0,NA,NA,NA,NA,NA,NA,NA,NA,NA,NA,NA,NA,NA,NA,NA,NA,NA,NA,NA,NA,36.3476769006723,32.0742457016321,7.99696044773548,10.4484609092904,5.04361778226163,32.6530612244898,29.917580773407,20.8561163735022,30.9447337097107,8.53760020975294,91.7728968420213,189.096124415413,55.2968188075017,90.3879146966705,270.356864991493,1.80042691563429,7.23875641584661,5.52868441431491,10.4584355736429,6.52628039066485,0,0,0,0.122189638318671,0.104733975701718,13.6054421768707,85.4657740767023,7.06931666294884,15.3900758739468,79.7716656834498,10,14,11,12,14,"14-oct-14",NA,NA,"captain tightpants","","u","c","r","21-mar-11",NA,"15-may-11","mstl","21-feb-11","1","1",NA,"","","",NA,NA,"serena.s","tr","dbw"
"46","bolv",0,0,0,0,0,NA,NA,NA,NA,NA,NA,NA,NA,NA,NA,NA,NA,NA,NA,NA,1.59957344708078,0,2.93255131964809,0.563952176855403,0.533191149026926,0,0,0,0,0,NA,NA,NA,NA,NA,NA,NA,NA,NA,NA,0,0.122189638318671,0,0.112790435371081,0,0,0,1.22189638318671,0,2.39936017062117,0,0,0,0,0,0,4.46199985370492,0,107.018941120324,643.704989327109,0,0,0,0,0,0,0.244379276637341,1.09970674486804,0,2.78293135435993,0,0,0,0,0,0.618429189857761,1.13378684807256,8.21995464852608,0.784929356357928,6.03557872095786,NA,NA,NA,NA,NA,0,0.366568914956012,0,0,0,0.399893361770195,0.405636350336811,0.366568914956012,0,0,7.30961539507832,2.92756398747182,15.502290847913,4.83157395599792,9.42605781315459,0,0,0,0,0,NA,NA,NA,NA,NA,NA,NA,NA,NA,NA,NA,NA,NA,NA,NA,NA,NA,NA,NA,NA,23.191094619666,31.384450163252,13.1216709557723,6.43289122551795,7.08019811496979,30.3510900494562,22.7297663933609,45.8402324761772,4.72338721186647,16.3149237300892,69.7074884339233,139.026040523736,105.766353462206,184.743060319097,784.887295360693,5.31014858622735,2.03316908386033,10.8590845918035,4.04204090840036,6.49350649350649,0,0,0.122189638318671,0.112790435371081,0,0.927643784786642,73.216530013765,6.48020694103644,56.1197634930354,90.1165584868978,11,12,12,13,11,"17-sep-15",NA,NA,"bolivar","","u","c","r","14-feb-11",NA,"14-feb-11","pro","12-jan-11","1","2",NA,"","","cause unknown",NA,NA,"serena.s","tr","dbw"
"47","hnbl",0,0,0,0,NA,NA,NA,NA,NA,NA,NA,NA,NA,NA,NA,NA,NA,NA,NA,NA,0.566893424036281,0.293255131964809,0,0.183284457478006,NA,0,0.146627565982405,0,0,NA,NA,NA,NA,NA,NA,NA,NA,NA,NA,NA,0.283446712018141,1.70068027210884,0,0,NA,0.283446712018141,5.10204081632653,0,0,NA,0,0.586510263929619,0,0,NA,224.023480359886,681.796237556606,0,0,NA,0,0.293255131964809,0,0,NA,2.83446712018141,2.19941348973607,0,0,NA,0,0,0,0,NA,1.13378684807256,5.78231292517007,2.72108843537415,1.27551020408163,NA,NA,NA,NA,NA,NA,0.488758553274682,0,0,0,NA,0.283446712018141,0.340136054421769,0,0,NA,8.43025382195889,18.0511500787999,2.67420751291719,4.14946037065853,NA,0,0,0.340136054421769,0,NA,NA,NA,NA,NA,NA,NA,NA,NA,NA,NA,NA,NA,NA,NA,NA,NA,NA,NA,NA,NA,6.60738391153138,67.9833223612025,5.54192351427375,6.8251640832286,NA,5.56669393074923,16.017316017316,5.36038462305743,8.61436950146627,NA,275.602469726894,838.026412911206,18.9718115985397,33.2617651166038,NA,6.40207207027484,9.14876214415385,2.33407145849542,3.96617591318052,NA,0.122189638318671,0.439882697947214,0,0,NA,18.5761499125554,28.1455104035749,0,8.24780058651026,NA,12,10,10,8,NA,"16-oct-14",NA,NA,"hannibal lector","","f","s","r","28-apr-09","02-may-10","02-jan-11","slin","10-apr-09","1","1",NA,"","","cause unknown",NA,"06-dec-09","serena.s","tr","l b & b/c notches, b scoop"
"48","krgr",0,0,0,0,NA,NA,NA,NA,NA,NA,NA,NA,NA,NA,NA,NA,NA,NA,NA,NA,0.566893424036281,0.293255131964809,0,0.183284457478006,NA,0,0.146627565982405,0,0,NA,NA,NA,NA,NA,NA,NA,NA,NA,NA,NA,0.283446712018141,1.70068027210884,0,0,NA,0.283446712018141,5.10204081632653,0,0,NA,0,0.586510263929619,0,0,NA,224.023480359886,681.796237556606,0,0,NA,0,0.293255131964809,0,0,NA,2.83446712018141,2.19941348973607,0,0,NA,0,0,0,0,NA,1.13378684807256,5.78231292517007,2.72108843537415,1.27551020408163,NA,NA,NA,NA,NA,NA,0.488758553274682,0,0,0,NA,0.283446712018141,0.340136054421769,0,0,NA,8.43025382195889,18.0511500787999,2.67420751291719,4.14946037065853,NA,0,0,0.340136054421769,0,NA,NA,NA,NA,NA,NA,NA,NA,NA,NA,NA,NA,NA,NA,NA,NA,NA,NA,NA,NA,NA,6.60738391153138,67.9833223612025,5.54192351427375,6.8251640832286,NA,5.56669393074923,16.017316017316,5.36038462305743,8.61436950146627,NA,275.602469726894,838.026412911206,18.9718115985397,33.2617651166038,NA,6.40207207027484,9.14876214415385,2.33407145849542,3.96617591318052,NA,0.122189638318671,0.439882697947214,0,0,NA,18.5761499125554,28.1455104035749,0,8.24780058651026,NA,12,10,10,8,NA,"18-sep-15",NA,NA,"freddy kruger","","m","s","r","28-apr-09","10-apr-10","02-may-10","slin","10-apr-09","1","2",NA,"","","",NA,"06-dec-09","serena.s","tr",""
"49","mstd",0,0,0,0,NA,NA,NA,NA,NA,NA,NA,NA,NA,NA,NA,NA,NA,NA,NA,NA,0,0.811272700673622,0,0.733137829912023,NA,0,0,0,0,NA,NA,NA,NA,NA,NA,NA,NA,NA,NA,NA,0,1.70068027210884,0,0,NA,0,4.53514739229025,0,0,NA,0,0,0,0,NA,115.477520431437,676.70949122562,0,0,NA,0,0,0,0,NA,2.83446712018141,0.244379276637341,0,0,NA,0,0,0,0,NA,2.55102040816327,4.25170068027211,1.36054421768708,1.70068027210884,NA,NA,NA,NA,NA,NA,0,0.488758553274682,0,0,NA,0,0.566893424036281,0,0,NA,5.55173193422041,10.7759623888656,5.02024856863567,1.46627565982405,NA,0,0,0.340136054421769,0,NA,NA,NA,NA,NA,NA,NA,NA,NA,NA,NA,NA,NA,NA,NA,NA,NA,NA,NA,NA,NA,6.52426170859351,18.8354911857216,7.40120094958805,5.36636942166896,NA,6.0014230521143,7.16014656106822,7.47800586510264,10.2639296187683,NA,162.784859789468,745.267852986747,32.8784886388573,20.2635306321942,NA,5.42954229590174,2.67321004648194,4.6801125142139,0.733137829912023,NA,0.122189638318671,0,0,0,NA,18.2927032005373,16.5147192796962,6.59824046920821,0,NA,12,12,10,2,NA,"14-oct-14",NA,NA,"mastadon","","u","c","r","01-apr-09",NA,"06-jun-09","badg","25-feb-09","1","1",NA,"","a","",NA,NA,"serena.s","","dbw"
"50","mmth",0,0,0,0,NA,NA,NA,NA,NA,NA,NA,NA,NA,NA,NA,NA,NA,NA,NA,NA,0,0.811272700673622,0,0.733137829912023,NA,0,0,0,0,NA,NA,NA,NA,NA,NA,NA,NA,NA,NA,NA,0,1.70068027210884,0,0,NA,0,4.53514739229025,0,0,NA,0,0,0,0,NA,115.477520431437,676.70949122562,0,0,NA,0,0,0,0,NA,2.83446712018141,0.244379276637341,0,0,NA,0,0,0,0,NA,2.55102040816327,4.25170068027211,1.36054421768708,1.70068027210884,NA,NA,NA,NA,NA,NA,0,0.488758553274682,0,0,NA,0,0.566893424036281,0,0,NA,5.55173193422041,10.7759623888656,5.02024856863567,1.46627565982405,NA,0,0,0.340136054421769,0,NA,NA,NA,NA,NA,NA,NA,NA,NA,NA,NA,NA,NA,NA,NA,NA,NA,NA,NA,NA,NA,6.52426170859351,18.8354911857216,7.40120094958805,5.36636942166896,NA,6.0014230521143,7.16014656106822,7.47800586510264,10.2639296187683,NA,162.784859789468,745.267852986747,32.8784886388573,20.2635306321942,NA,5.42954229590174,2.67321004648194,4.6801125142139,0.733137829912023,NA,0.122189638318671,0,0,0,NA,18.2927032005373,16.5147192796962,6.59824046920821,0,NA,12,12,10,2,NA,"18-sep-15",NA,NA,"mammoth","","u","c","r","01-apr-09","10-oct-09","26-mar-10","badg","25-feb-09","1","2",NA,"","a","",NA,"07-sep-09","serena.s","",""
"51","jly",0,0,NA,NA,NA,NA,NA,NA,NA,NA,NA,NA,NA,NA,NA,NA,NA,NA,NA,NA,0.146627565982405,0,NA,NA,NA,0,0,NA,NA,NA,NA,NA,NA,NA,NA,NA,NA,NA,NA,NA,0,0,NA,NA,NA,0,0,NA,NA,NA,0,0,NA,NA,NA,0,0,NA,NA,NA,0,0,NA,NA,NA,0,3.40136054421769,NA,NA,NA,0,0,NA,NA,NA,1.70068027210884,2.38095238095238,NA,NA,NA,NA,NA,NA,NA,NA,0,0,NA,NA,NA,0,0,NA,NA,NA,3.99984040537036,5.05515989386957,NA,NA,NA,0.340136054421769,0,NA,NA,NA,NA,NA,NA,NA,NA,NA,NA,NA,NA,NA,NA,NA,NA,NA,NA,NA,NA,NA,NA,NA,6.96730305025236,8.11638438366549,NA,NA,NA,9.23753665689149,5.73543200271311,NA,NA,NA,32.5034412592016,44.3702994394239,NA,NA,NA,3.51307678496619,5.05515989386957,NA,NA,NA,0,0,NA,NA,NA,6.59824046920821,14.6258503401361,NA,NA,NA,10,10,NA,NA,NA,"14-oct-14","1025",NA,"jelly","","m","s","r","29-nov-08","31-oct-09",NA,"clov","31-oct-08","1","1",NA,"","","",NA,"14-aug-09","serena.s","tr","l b nick"
"52","pnb",0,0,NA,NA,NA,NA,NA,NA,NA,NA,NA,NA,NA,NA,NA,NA,NA,NA,NA,NA,0.146627565982405,0,NA,NA,NA,0,0,NA,NA,NA,NA,NA,NA,NA,NA,NA,NA,NA,NA,NA,0,0,NA,NA,NA,0,0,NA,NA,NA,0,0,NA,NA,NA,0,0,NA,NA,NA,0,0,NA,NA,NA,0,3.40136054421769,NA,NA,NA,0,0,NA,NA,NA,1.70068027210884,2.38095238095238,NA,NA,NA,NA,NA,NA,NA,NA,0,0,NA,NA,NA,0,0,NA,NA,NA,3.99984040537036,5.05515989386957,NA,NA,NA,0.340136054421769,0,NA,NA,NA,NA,NA,NA,NA,NA,NA,NA,NA,NA,NA,NA,NA,NA,NA,NA,NA,NA,NA,NA,NA,6.96730305025236,8.11638438366549,NA,NA,NA,9.23753665689149,5.73543200271311,NA,NA,NA,32.5034412592016,44.3702994394239,NA,NA,NA,3.51307678496619,5.05515989386957,NA,NA,NA,0,0,NA,NA,NA,6.59824046920821,14.6258503401361,NA,NA,NA,10,10,NA,NA,NA,"14-oct-14","1037",NA,"peanut butter","","m","s","r","29-nov-08","31-oct-09","01-aug-12","clov","31-oct-08","1","2",NA,"","","",NA,"14-aug-09","serena.s","tr","r & l b scoops"
"53","tub",0,0,NA,NA,NA,NA,NA,NA,NA,NA,NA,NA,NA,NA,NA,NA,NA,NA,NA,NA,0.183284457478006,0,NA,NA,NA,0,0,NA,NA,NA,NA,NA,NA,NA,NA,NA,NA,NA,NA,NA,0,0,NA,NA,NA,0,0,NA,NA,NA,0,0,NA,NA,NA,0,0,NA,NA,NA,0,0,NA,NA,NA,0,0,NA,NA,NA,0,0,NA,NA,NA,1.27551020408163,2.72108843537415,NA,NA,NA,NA,NA,NA,NA,NA,0,0,NA,NA,NA,0,0,NA,NA,NA,4.14946037065853,2.67420751291719,NA,NA,NA,0,0.340136054421769,NA,NA,NA,NA,NA,NA,NA,NA,NA,NA,NA,NA,NA,NA,NA,NA,NA,NA,NA,NA,NA,NA,NA,6.8251640832286,5.54192351427375,NA,NA,NA,8.61436950146627,5.36038462305743,NA,NA,NA,33.2617651166038,18.9718115985397,NA,NA,NA,3.96617591318052,2.33407145849542,NA,NA,NA,0,0,NA,NA,NA,8.24780058651026,0,NA,NA,NA,8,10,NA,NA,NA,"18-sep-15",NA,NA,"tubman","","m","s","r","29-nov-08",NA,"20-dec-08","pro","15-oct-08","0",NA,NA,"","","cause unknown",NA,NA,"serena.s","tr","dbw"
"54","aur",0,0,NA,NA,NA,NA,NA,NA,NA,NA,NA,NA,NA,NA,NA,NA,NA,NA,NA,NA,0.146627565982405,0,NA,NA,NA,0,0,NA,NA,NA,NA,NA,NA,NA,NA,NA,NA,NA,NA,NA,0,0,NA,NA,NA,0,0,NA,NA,NA,0,0,NA,NA,NA,0,0,NA,NA,NA,0,0,NA,NA,NA,0,3.40136054421769,NA,NA,NA,0,0,NA,NA,NA,1.70068027210884,2.38095238095238,NA,NA,NA,NA,NA,NA,NA,NA,0,0,NA,NA,NA,0,0,NA,NA,NA,3.99984040537036,5.05515989386957,NA,NA,NA,0.340136054421769,0,NA,NA,NA,NA,NA,NA,NA,NA,NA,NA,NA,NA,NA,NA,NA,NA,NA,NA,NA,NA,NA,NA,NA,6.96730305025236,8.11638438366549,NA,NA,NA,9.23753665689149,5.73543200271311,NA,NA,NA,32.5034412592016,44.3702994394239,NA,NA,NA,3.51307678496619,5.05515989386957,NA,NA,NA,0,0,NA,NA,NA,6.59824046920821,14.6258503401361,NA,NA,NA,10,10,NA,NA,NA,"16-sep-15",NA,NA,"auroch","","u","c","r","29-nov-08",NA,"06-dec-08","badg","31-oct-08","1",NA,NA,"","a","cause unknown","06-dec-08",NA,"serena.s","","dbw"
"55","sbr",0,0,NA,NA,NA,NA,NA,NA,NA,NA,NA,NA,NA,NA,NA,NA,NA,NA,NA,NA,0.146627565982405,0,NA,NA,NA,0,0,NA,NA,NA,NA,NA,NA,NA,NA,NA,NA,NA,NA,NA,0,0,NA,NA,NA,0,0,NA,NA,NA,0,0,NA,NA,NA,0,0,NA,NA,NA,0,0,NA,NA,NA,0,3.40136054421769,NA,NA,NA,0,0,NA,NA,NA,1.70068027210884,2.38095238095238,NA,NA,NA,NA,NA,NA,NA,NA,0,0,NA,NA,NA,0,0,NA,NA,NA,3.99984040537036,5.05515989386957,NA,NA,NA,0.340136054421769,0,NA,NA,NA,NA,NA,NA,NA,NA,NA,NA,NA,NA,NA,NA,NA,NA,NA,NA,NA,NA,NA,NA,NA,6.96730305025236,8.11638438366549,NA,NA,NA,9.23753665689149,5.73543200271311,NA,NA,NA,32.5034412592016,44.3702994394239,NA,NA,NA,3.51307678496619,5.05515989386957,NA,NA,NA,0,0,NA,NA,NA,6.59824046920821,14.6258503401361,NA,NA,NA,10,10,NA,NA,NA,"18-sep-15",NA,NA,"sabertooth","","u","c","r","30-nov-08",NA,"28-dec-08","badg","31-oct-08","1",NA,NA,"","a","","28-dec-08",NA,"serena.s","","dbw"
"56","chr",0,0,NA,NA,NA,NA,NA,NA,NA,NA,NA,NA,NA,NA,NA,NA,NA,NA,NA,NA,0.122189638318671,0,NA,NA,NA,0,0,NA,NA,NA,NA,NA,NA,NA,NA,NA,NA,NA,NA,NA,0,0,NA,NA,NA,0,0,NA,NA,NA,0,0,NA,NA,NA,0,1.23685837971552,NA,NA,NA,0,0,NA,NA,NA,0,3.09214594928881,NA,NA,NA,0,0,NA,NA,NA,1.4172335600907,2.16450216450216,NA,NA,NA,NA,NA,NA,NA,NA,0,0,NA,NA,NA,0,0,NA,NA,NA,4.4279197505004,5.83245828323331,NA,NA,NA,0.283446712018141,0,NA,NA,NA,NA,NA,NA,NA,NA,NA,NA,NA,NA,NA,NA,NA,NA,NA,NA,NA,NA,NA,NA,NA,7.06206236160153,7.37853125787772,NA,NA,NA,7.94232649071359,5.21402909337555,NA,NA,NA,30.7759956377468,44.0472109931683,NA,NA,NA,4.02228340016358,5.83245828323331,NA,NA,NA,0,0,NA,NA,NA,5.49853372434018,13.2962275819419,NA,NA,NA,12,11,NA,NA,NA,"17-sep-15",NA,NA,"charade","","u","c","r","29-nov-08",NA,"22-dec-08","jule","01-nov-08","0",NA,NA,"","a","",NA,NA,"serena.s","",""
"57","nm/cs",0,0,NA,NA,NA,NA,NA,NA,NA,NA,NA,NA,NA,NA,NA,NA,NA,NA,NA,NA,0.146627565982405,0,NA,NA,NA,0,0,NA,NA,NA,NA,NA,NA,NA,NA,NA,NA,NA,NA,NA,0,0,NA,NA,NA,0,0,NA,NA,NA,0,0,NA,NA,NA,0,0,NA,NA,NA,0,0,NA,NA,NA,0,3.40136054421769,NA,NA,NA,0,0,NA,NA,NA,1.70068027210884,2.38095238095238,NA,NA,NA,NA,NA,NA,NA,NA,0,0,NA,NA,NA,0,0,NA,NA,NA,3.99984040537036,5.05515989386957,NA,NA,NA,0.340136054421769,0,NA,NA,NA,NA,NA,NA,NA,NA,NA,NA,NA,NA,NA,NA,NA,NA,NA,NA,NA,NA,NA,NA,NA,6.96730305025236,8.11638438366549,NA,NA,NA,9.23753665689149,5.73543200271311,NA,NA,NA,32.5034412592016,44.3702994394239,NA,NA,NA,3.51307678496619,5.05515989386957,NA,NA,NA,0,0,NA,NA,NA,6.59824046920821,14.6258503401361,NA,NA,NA,10,10,NA,NA,NA,"16-sep-15",NA,NA,"new madrid/cas?","","u","c","r","18-nov-08",NA,NA,"digs","31-oct-08","1","2",NA,"","a","",NA,NA,"serena.s","","dbw, dls prior to feb 2009"
"58","mlth",0,0,NA,NA,NA,NA,NA,NA,NA,NA,NA,NA,NA,NA,NA,NA,NA,NA,NA,NA,0.733137829912023,0,NA,NA,NA,0,0,NA,NA,NA,NA,NA,NA,NA,NA,NA,NA,NA,NA,NA,0,0,NA,NA,NA,0,0,NA,NA,NA,0,0,NA,NA,NA,0,0,NA,NA,NA,0,0,NA,NA,NA,0,0,NA,NA,NA,0,0,NA,NA,NA,1.70068027210884,1.23685837971552,NA,NA,NA,NA,NA,NA,NA,NA,0,0,NA,NA,NA,0,0,NA,NA,NA,1.46627565982405,5.18229152498109,NA,NA,NA,0,0.309214594928881,NA,NA,NA,NA,NA,NA,NA,NA,NA,NA,NA,NA,NA,NA,NA,NA,NA,NA,NA,NA,NA,NA,NA,5.36636942166896,6.7283644996255,NA,NA,NA,10.2639296187683,9.27190390952435,NA,NA,NA,20.2635306321942,33.6001102653805,NA,NA,NA,0.733137829912023,4.87307693005221,NA,NA,NA,0,0,NA,NA,NA,0,5.99840042655292,NA,NA,NA,2,11,NA,NA,NA,"24-dec-12",NA,NA,"malthus","","u","c","r","25-nov-08",NA,"31-jan-09","","01-sep-08",NA,NA,NA,"","a","",NA,NA,"serena.s","",""
"59","mgm",NA,0,NA,NA,NA,NA,NA,NA,NA,NA,NA,NA,NA,NA,NA,NA,NA,NA,NA,NA,NA,0.733137829912023,NA,NA,NA,NA,0,NA,NA,NA,NA,NA,NA,NA,NA,NA,NA,NA,NA,NA,NA,0,NA,NA,NA,NA,0,NA,NA,NA,NA,0,NA,NA,NA,NA,0,NA,NA,NA,NA,0,NA,NA,NA,NA,0,NA,NA,NA,NA,0,NA,NA,NA,NA,1.70068027210884,NA,NA,NA,NA,NA,NA,NA,NA,NA,0,NA,NA,NA,NA,0,NA,NA,NA,NA,1.46627565982405,NA,NA,NA,NA,0,NA,NA,NA,NA,NA,NA,NA,NA,NA,NA,NA,NA,NA,NA,NA,NA,NA,NA,NA,NA,NA,NA,NA,NA,5.36636942166896,NA,NA,NA,NA,10.2639296187683,NA,NA,NA,NA,20.2635306321942,NA,NA,NA,NA,0.733137829912023,NA,NA,NA,NA,0,NA,NA,NA,NA,0,NA,NA,NA,NA,2,NA,NA,NA,"18-sep-15",NA,NA,"mgm","","f","a","r","23-nov-08",NA,"14-oct-14","taj","23-may-08","1","1",NA,"","","cause unknown",NA,"31-mar-09","serena.s","tr","dls adjusted re: jrg 10/14/2014, 4/4/09 is  date first seen not nursing"
"60","blg",NA,0,NA,NA,NA,NA,NA,NA,NA,NA,NA,NA,NA,NA,NA,NA,NA,NA,NA,NA,NA,0.733137829912023,NA,NA,NA,NA,0,NA,NA,NA,NA,NA,NA,NA,NA,NA,NA,NA,NA,NA,NA,0,NA,NA,NA,NA,0,NA,NA,NA,NA,0,NA,NA,NA,NA,0,NA,NA,NA,NA,0,NA,NA,NA,NA,0,NA,NA,NA,NA,0,NA,NA,NA,NA,1.70068027210884,NA,NA,NA,NA,NA,NA,NA,NA,NA,0,NA,NA,NA,NA,0,NA,NA,NA,NA,1.46627565982405,NA,NA,NA,NA,0,NA,NA,NA,NA,NA,NA,NA,NA,NA,NA,NA,NA,NA,NA,NA,NA,NA,NA,NA,NA,NA,NA,NA,NA,5.36636942166896,NA,NA,NA,NA,10.2639296187683,NA,NA,NA,NA,20.2635306321942,NA,NA,NA,NA,0.733137829912023,NA,NA,NA,NA,0,NA,NA,NA,NA,0,NA,NA,NA,NA,2,NA,NA,NA,"16-oct-14","1167",NA,"bellagio","","f","s","r","23-nov-08","23-may-09",NA,"taj","23-may-08","1",NA,NA,"","","",NA,"31-mar-09","serena.s","tr","only one tube of dna, fecal sample collected 3/16/2016 is labled #1215"
